1804-1	8647.0	8047.0	14384	639
1804-2	7701.0	7142.0	12593	659
1804-3	9613.0	8973.0	16244	638
1804-4	10947.0	10172.0	18558	1024
1804-5	14543.0	13427.0	25340	1900
1804-6	21470.0	19879.0	37780	3022
1804-7	21719.0	20078.0	38476	2745
1804-8	18759.0	17360.0	32786	2475
1804-9	20278.0	18857.0	33323	2400
1804-10	20558.0	19023.0	35351	2743
1804-11	19182.0	17728.0	32582	2540
1804-12	8097.0	7408.0	14491	1047
1805-1	11756.0	10819.0	20249	1380
1805-2	9615.0	8818.0	17877	1253
1805-3	10476.0	9645.0	18391	1318
1805-4	12978.0	11905.0	23471	1637
1805-5	13009.0	11988.0	24493	1602
1805-6	8957.0	8224.0	16793	1090
1805-7	12882.0	11962.0	23265	1513
1805-8	10015.0	9224.0	18359	1107
1805-9	11932.0	10982.0	21437	1408
1805-10	8666.0	7996.0	15925	1176
1805-11	12431.0	11363.0	23253	1828
1805-12	11261.0	10259.0	21310	1527
1806-1	11817.0	10823.0	22308	1522
1806-2	10622.0	9754.0	19615	1346
1806-3	11354.0	10405.0	20846	1560
1806-4	11746.0	10757.0	21772	1490
1806-5	13786.0	12583.0	25450	1832
1806-6	17029.0	15731.0	29471	2241
1806-7	17633.0	16287.0	30418	2223
1806-8	18473.0	17005.0	32266	2345
1806-9	17856.0	16410.0	31702	2408
1806-10	19613.0	18053.0	35303	2534
1806-11	10905.0	9923.0	21146	1450
1806-12	11162.0	10248.0	21248	1291
1807-1	17373.0	15874.0	31384	2431
1807-2	13976.0	12825.0	26274	1764
1807-3	14994.0	13800.0	27292	1695
1807-4	13627.0	12503.0	25424	1649
1807-5	14009.0	12840.0	26298	1673
1807-6	10516.0	9792.0	18403	976
1807-7	15550.0	14307.0	28990	1751
1807-8	12405.0	11346.0	23260	1518
1807-9	13712.0	12582.0	25048	1569
1807-10	17050.0	15727.0	30340	1992
1807-11	14121.0	13060.0	24468	1498
1807-12	12088.0	11178.0	21521	1322
1808-1	5019.0	4536.0	9969	925
1808-2	6213.0	5566.0	12521	1201
1808-3	6398.0	5788.0	13038	1258
1808-4	5182.0	4656.0	11125	1036
1808-5	5867.0	5310.0	12168	1187
1808-6	5680.0	5122.0	11240	1047
1808-7	5068.0	4634.0	9819	893
1808-8	9382.0	8638.0	16724	1583
1808-9	13648.0	12543.0	24421	2246
1808-10	10884.0	10054.0	19206	1803
1808-11	12762.0	11736.0	21856	2039
1808-12	10722.0	9889.0	20250	988
1809-1	4647.0	4196.0	10107	418
1809-2	8650.0	7945.0	17294	723
1809-3	14283.0	13063.0	28214	1265
1809-4	10710.0	9888.0	20702	820
1809-5	10455.0	9660.0	19995	787
1809-6	14553.0	13385.0	28351	1155
1809-7	9586.0	8896.0	17195	795
1809-8	6862.0	6283.0	13800	589
1809-9	5029.0	4542.0	10233	612
1809-10	4840.0	4421.0	9922	493
1809-11	5961.0	5436.0	12616	549
1809-12	5919.0	5359.0	11618	619
1810-1	5579.0	5069.0	11536	514
1810-2	5878.0	5340.0	12742	594
1810-3	6368.0	5743.0	13441	644
1810-4	4966.0	4481.0	10764	577
1810-5	6041.0	5469.0	12810	684
1810-6	4357.0	3955.0	9306	421
1810-7	5433.0	4920.0	11682	510
1810-8	5115.0	4715.0	10769	488
1810-9	5308.0	4806.0	11560	491
1810-10	5405.0	4884.0	11990	503
1810-11	5464.0	4976.0	11771	555
1810-12	6454.0	5836.0	13708	639
1811-1	14487.0	13213.0	28937	1457
1811-2	11118.0	10244.0	21175	1070
1811-3	14450.0	13270.0	30013	1501
1811-4	11745.0	10717.0	24172	1190
1811-5	12296.0	11284.0	24463	1162
1811-6	12459.0	11389.0	24679	1319
1811-7	11779.0	10784.0	22496	1328
1811-8	13392.0	12219.0	25753	1358
1811-9	11909.0	10976.0	21364	1142
1811-10	13660.0	12583.0	25205	1393
1811-11	11868.0	10945.0	21942	1167
1811-12	14481.0	13366.0	26763	1292
1812-1	12754.0	11778.0	24161	1137
1812-2	11485.0	10687.0	20883	1014
1812-3	9263.0	8540.0	17674	840
1812-4	11970.0	11115.0	22210	978
1812-5	11214.0	10279.0	21826	1061
1812-6	12093.0	11223.0	21401	1117
1812-7	13291.0	12248.0	25127	1248
1812-8	4043.0	3690.0	8221	407
1812-9	7063.0	6429.0	14455	688
1812-10	7822.0	7131.0	16884	758
1812-11	4481.0	4099.0	9536	443
1812-12	5586.0	5087.0	11149	532
1813-1	5726.0	5229.0	11673	619
1813-2	5216.0	4716.0	12151	570
1813-3	8072.0	7308.0	18128	861
1813-4	6056.0	5513.0	13240	589
1813-5	5259.0	4792.0	12028	520
1813-6	9098.0	8258.0	20873	997
1813-7	13487.0	12445.0	26176	1230
1813-8	12111.0	11240.0	23023	1031
1813-9	10167.0	9370.0	21363	771
1813-10	13669.0	12556.0	28502	1165
1813-11	11796.0	10816.0	25265	1001
1813-12	12605.0	11514.0	25995	1194
1814-1	11042.0	10014.0	20886	1114
1814-2	10708.0	9827.0	19473	976
1814-3	12477.0	11432.0	22655	1143
1814-4	14497.0	13047.0	28364	1526
1814-5	17488.0	15884.0	31848	1905
1814-6	17678.0	16026.0	32255	2050
1814-7	20035.0	18287.0	36244	2146
1814-8	20799.0	18876.0	36091	2617
1814-9	23813.0	21359.0	45136	3096
1814-10	16406.0	14887.0	29795	1871
1814-11	17868.0	16359.0	31274	2029
1814-12	20952.0	18897.0	39120	2498
1815-1	15296.0	13876.0	27891	1728
1815-2	18200.0	16490.0	34877	2215
1815-3	19560.0	17552.0	38205	2409
1815-4	14849.0	13177.0	28728	2036
1815-5	20803.0	18580.0	40950	2522
1815-6	18919.0	16903.0	36180	2370
1815-7	18558.0	16329.0	37023	2883
1815-8	19109.0	17117.0	35705	2574
1815-9	19020.0	17004.0	36674	2425
1815-10	17194.0	15362.0	31053	2863
1815-11	17868.0	15904.0	33868	2622
1815-12	1519.0	1378.0	2680	184
1816-1	22246.0	20025.0	42989	2603
1816-2	21683.0	19365.0	42743	2522
1816-3	24816.0	22099.0	50553	3089
1816-4	23408.0	20811.0	48023	2758
1816-5	20576.0	18364.0	41073	2379
1816-6	21537.0	19146.0	44122	2703
1816-7	17801.0	15833.0	33590	2351
1816-8	17153.0	15259.0	30844	2466
1816-9	21252.0	18722.0	41364	3013
1816-10	20350.0	18346.0	39285	2229
1816-11	21197.0	18781.0	40350	2961
1816-12	13945.0	12493.0	25008	1859
1817-1	20865.0	18680.0	43362	2052
1817-2	16040.0	14483.0	32455	1556
1817-3	14897.0	13418.0	29894	1357
1817-4	16936.0	15336.0	32375	1577
1817-5	16546.0	14999.0	31941	1659
1817-6	21511.0	19207.0	42940	2324
1817-7	18995.0	17295.0	36188	1685
1817-8	17353.0	15670.0	33181	1746
1817-9	14374.0	12758.0	26526	1859
1817-10	15470.0	13883.0	29236	1720
1817-11	13860.0	12461.0	26059	1497
1817-12	15675.0	13984.0	31020	1849
1818-1	13555.0	12221.0	26769	1257
1818-2	13224.0	11870.0	26229	1226
1818-3	17079.0	15372.0	34025	1566
1818-4	10458.0	9463.0	21556	931
1818-5	12979.0	11691.0	26589	1209
1818-6	11847.0	10637.0	24285	1098
1818-7	14007.0	12589.0	27381	1528
1818-8	11552.0	10444.0	21861	1140
1818-9	11118.0	10075.0	20834	1033
1818-10	14585.0	13193.0	28807	1273
1818-11	13121.0	11758.0	25849	1443
1818-12	11892.0	10660.0	22846	1374
1819-1	13886.0	12377.0	29278	1441
1819-2	13714.0	12288.0	28434	1473
1819-3	13951.0	12459.0	28233	1677
1819-4	13479.0	12021.0	27467	1356
1819-5	5398.0	4808.0	10876	711
1819-6	12564.0	11311.0	25897	1206
1819-7	13222.0	11786.0	26360	1487
1819-8	18178.0	16242.0	36597	1858
1819-9	10495.0	9343.0	21446	1194
1819-10	10020.0	9014.0	19629	1000
1819-11	5398.0	4726.0	11782	662
1819-12	5441.0	4760.0	12526	675
1820-1	5505.0	4780.0	12098	705
1820-2	6237.0	5474.0	13944	678
1820-3	4866.0	4235.0	10484	672
1820-4	5830.0	4983.0	12266	910
1820-5	7839.0	6904.0	16604	1014
1820-6	8496.0	7550.0	18136	869
1820-7	14387.0	12922.0	28955	1436
1820-8	14563.0	13149.0	29381	1142
1820-9	16420.0	14686.0	35015	1409
1820-10	15050.0	13703.0	30184	1221
1820-11	13897.0	12636.0	27248	1154
1820-12	19481.0	17549.0	38988	1695
1821-1	18583.0	16925.0	35542	1541
1821-2	12282.0	11097.0	24794	1148
1821-3	13661.0	12254.0	27297	1425
1821-4	10556.0	9560.0	21147	951
1821-5	13959.0	12609.0	26335	1342
1821-6	8179.0	7453.0	15013	802
1821-7	14446.0	13140.0	26975	1507
1821-8	15195.0	13876.0	28155	1369
1821-9	13563.0	12246.0	25534	1457
1821-10	15449.0	14011.0	28701	1487
1821-11	19036.0	17204.0	35711	1790
1821-12	13219.0	11836.0	25407	1465
1822-1	17320.0	15758.0	32346	1627
1822-2	12393.0	11225.0	24520	1015
1822-3	14522.0	13132.0	28863	1411
1822-4	14394.0	12943.0	28757	1358
1822-5	19644.0	17653.0	38746	1959
1822-6	15807.0	14292.0	30520	1392
1822-7	15523.0	14131.0	29027	1414
1822-8	18345.0	16509.0	36011	1957
1822-9	11409.0	10257.0	22042	1177
1822-10	21490.0	19321.0	40668	2213
1822-11	17950.0	16353.0	34508	1567
1822-12	16594.0	14913.0	34171	1695
1823-1	21904.0	19633.0	46676	2182
1823-2	19626.0	17565.0	42800	1917
1823-3	21376.0	19174.0	49400	2216
1823-4	21901.0	19700.0	47056	2158
1823-5	19457.0	17622.0	42614	1760
1823-6	13654.0	12343.0	29590	1139
1823-7	22119.0	19748.0	51312	2275
1823-8	24433.0	21952.0	55312	2194
1823-9	21499.0	19327.0	48073	1936
1823-10	24273.0	21776.0	53459	2194
1823-11	18131.0	16334.0	36721	1661
1823-12	14716.0	13138.0	28804	1753
1824-1	21084.0	19091.0	41491	1715
1824-2	21829.0	19748.0	45403	1983
1824-3	19011.0	17136.0	39319	1768
1824-4	21730.0	19661.0	44114	1867
1824-5	18847.0	16996.0	38856	1593
1824-6	20533.0	18518.0	42871	1918
1824-7	22024.0	19992.0	44654	1801
1824-8	26000.0	23480.0	54612	2335
1824-9	24286.0	21941.0	51161	2077
1824-10	24685.0	22305.0	51802	2356
1824-11	21839.0	19695.0	43134	2129
1824-12	14752.0	13300.0	26976	1741
1825-1	20813.0	18902.0	42432	1882
1825-2	21500.0	19397.0	47137	2119
1825-3	20525.0	18622.0	45350	1922
1825-4	23568.0	21331.0	51586	1927
1825-5	26465.0	23861.0	59006	2293
1825-6	25913.0	23351.0	57626	2397
1825-7	25600.0	23178.0	55201	2326
1825-8	24620.0	22387.0	53285	2240
1825-9	27531.0	24872.0	59482	2570
1825-10	23615.0	21283.0	50105	2114
1825-11	23710.0	21476.0	50332	2227
1825-12	21699.0	19671.0	47055	2117
1826-1	20249.0	18345.0	41521	1879
1826-2	21209.0	19300.0	40821	1723
1826-3	23696.0	21491.0	46757	2014
1826-4	23049.0	20964.0	45237	1858
1826-5	18367.0	16631.0	36621	1516
1826-6	20996.0	19051.0	41715	1714
1826-7	18525.0	16989.0	34617	1344
1826-8	21896.0	20112.0	41373	1744
1826-9	23666.0	21578.0	45846	1864
1826-10	21225.0	19292.0	41456	1863
1826-11	16601.0	15169.0	31464	1417
1826-12	19138.0	17410.0	38932	1512
1827-1	18967.0	17219.0	39831	1816
1827-2	16442.0	14948.0	35190	1467
1827-3	23318.0	21213.0	48987	2151
1827-4	17846.0	16191.0	38048	1670
1827-5	25253.0	22725.0	55512	2631
1827-6	21791.0	19726.0	45313	1991
1827-7	25494.0	23035.0	53602	2504
1827-8	25624.0	23394.0	51076	2424
1827-9	21899.0	19854.0	44980	1955
1827-10	21114.0	19147.0	44567	1700
1827-11	19886.0	18038.0	40527	1597
1827-12	21633.0	19709.0	43186	1607
1828-1	23250.0	21056.0	49695	2100
1828-2	24579.0	22256.0	50431	2161
1828-3	21674.0	19496.0	45893	2050
1828-4	22347.0	20100.0	49119	2237
1828-5	24821.0	22444.0	54519	2287
1828-6	19068.0	17303.0	41901	1710
1828-7	22470.0	20448.0	50039	2017
1828-8	24851.0	22608.0	53283	2154
1828-9	21626.0	19625.0	45402	1981
1828-10	18412.0	16862.0	36543	1316
1828-11	19051.0	17384.0	38815	1556
1828-12	20030.0	18204.0	42153	1802
1829-1	26203.0	23826.0	52074	2116
1829-2	18832.0	17118.0	39960	1651
1829-3	23225.0	20995.0	50602	2110
1829-4	23930.0	21670.0	50490	2213
1829-5	21650.0	19415.0	49166	2120
1829-6	25962.0	23491.0	57740	2515
1829-7	23692.0	21480.0	50379	2229
1829-8	23316.0	21218.0	48557	2145
1829-9	25406.0	23080.0	54097	2186
1829-10	27651.0	25009.0	55064	2561
1829-11	25523.0	23224.0	52383	2262
1829-12	27784.0	25413.0	57929	2390
1830-1	26180.0	23803.0	54167	2349
1830-2	20536.0	18765.0	40998	1737
1830-3	21676.0	19724.0	45044	1909
1830-4	28712.0	26243.0	60113	2445
1830-5	22073.0	19963.0	48445	2112
1830-6	24431.0	22101.0	53605	2266
1830-7	19945.0	18155.0	39946	1636
1830-8	19127.0	17305.0	42544	1876
1830-9	23281.0	21203.0	49292	1875
1830-10	24028.0	21692.0	52860	1805
1830-11	23168.0	21045.0	49287	1905
1830-12	24033.0	21740.0	54023	2130
1831-1	17521.0	15775.0	39360	1648
1831-2	17660.0	16036.0	37054	1471
1831-3	32585.0	29529.0	70715	2650
1831-4	30882.0	27777.0	68966	2837
1831-5	35798.0	32317.0	79149	3282
1831-6	29100.0	26437.0	63618	2611
1831-7	29215.0	26601.0	62319	2434
1831-8	28841.0	26292.0	62288	2513
1831-9	20278.0	18449.0	44504	1822
1831-10	22664.0	20714.0	47827	1895
1831-11	28430.0	25816.0	61147	2364
1831-12	33863.0	30444.0	77074	3242
1832-1	28797.0	26283.0	60539	2536
1832-2	21680.0	19636.0	48543	1872
1832-3	26666.0	24229.0	55540	2311
1832-4	22459.0	20296.0	50123	2103
1832-5	25197.0	22929.0	55335	2505
1832-6	31186.0	28065.0	68235	3181
1832-7	25678.0	23238.0	54813	2609
1832-8	26151.0	23539.0	57899	2522
1832-9	22619.0	20477.0	49826	2324
1832-10	26662.0	24396.0	53565	2531
1832-11	26273.0	23865.0	56094	2300
1832-12	27571.0	24690.0	62132	2766
1833-1	29256.0	26982.0	58679	2375
1833-2	29899.0	27240.0	63192	2737
1833-3	20707.0	18728.0	45580	1914
1833-4	28284.0	25649.0	60401	2404
1833-5	36250.0	33007.0	78020	3291
1833-6	26800.0	24590.0	55334	2175
1833-7	31752.0	28856.0	68763	2965
1833-8	28168.0	25263.0	64389	2830
1833-9	17303.0	15718.0	36647	1549
1833-10	21752.0	19719.0	45502	2043
1833-11	25469.0	23040.0	51842	2346
1833-12	25366.0	22966.0	51502	2535
1834-1	29890.0	27039.0	66940	2448
1834-2	27109.0	24634.0	58046	2142
1834-3	25210.0	22977.0	52941	1832
1834-4	27846.0	25544.0	55280	1913
1834-5	29419.0	26972.0	56766	2099
1834-6	22514.0	20633.0	43372	1638
1834-7	23209.0	21294.0	45150	1768
1834-8	27749.0	25288.0	56122	2127
1834-9	20999.0	19263.0	42611	1570
1834-10	27022.0	24700.0	53286	2043
1834-11	21026.0	19242.0	41206	1390
1834-12	25320.0	23233.0	49708	1837
1835-1	17487.0	16007.0	34481	1176
1835-2	23009.0	20989.0	46806	1585
1835-3	31137.0	28307.0	63431	2203
1835-4	25296.0	23090.0	50262	1794
1835-5	25004.0	22882.0	50076	1615
1835-6	26455.0	24210.0	52781	1764
1835-7	21864.0	20012.0	43806	1604
1835-8	17120.0	15547.0	36018	1327
1835-9	28541.0	25963.0	57921	1913
1835-10	25442.0	23356.0	49588	1695
1835-11	25999.0	23759.0	51346	1830
1835-12	25442.0	23246.0	49484	1862
1836-1	22066.0	20163.0	44121	1508
1836-2	21507.0	19744.0	42691	1493
1836-3	23862.0	21813.0	47488	1579
1836-4	33006.0	30040.0	66740	2382
1836-5	29906.0	27190.0	60295	2113
1836-6	24209.0	22201.0	45798	1675
1836-7	25032.0	22825.0	49843	1867
1836-8	26099.0	23717.0	54649	1900
1836-9	23706.0	21585.0	48921	1756
1836-10	23820.0	21650.0	49574	1792
1836-11	31420.0	28631.0	63731	2377
1836-12	28231.0	25725.0	56954	2040
1837-1	24436.0	22393.0	48205	1717
1837-2	24711.0	22768.0	46368	1691
1837-3	32420.0	29497.0	65299	2356
1837-4	24227.0	22144.0	48004	1594
1837-5	30894.0	27986.0	64803	2283
1837-6	30739.0	27854.0	62573	2439
1837-7	21588.0	19743.0	42103	1620
1837-8	27291.0	24905.0	53767	2191
1837-9	28343.0	25709.0	58078	2329
1837-10	25475.0	23233.0	48636	2281
1837-11	25199.0	23033.0	48264	2151
1837-12	25858.0	23663.0	49428	1913
1838-1	25015.0	22938.0	47420	1853
1838-2	25600.0	23450.0	49741	1961
1838-3	26927.0	24558.0	53184	1975
1838-4	21226.0	19363.0	42164	1546
1838-5	24178.0	21975.0	48359	1897
1838-6	23265.0	21139.0	48520	1815
1838-7	24231.0	22042.0	49269	2075
1838-8	22593.0	20532.0	45494	1781
1838-9	21404.0	19275.0	45861	1847
1838-10	23010.0	21064.0	44856	1842
1838-11	26645.0	24490.0	50735	2002
1838-12	24951.0	22822.0	48480	1969
1839-1	23067.0	21081.0	45825	1619
1839-2	26198.0	23866.0	52645	1878
1839-3	24784.0	22753.0	47725	1663
1839-4	28545.0	26250.0	54358	1989
1839-5	26919.0	24758.0	51894	1922
1839-6	22192.0	20398.0	42534	1508
1839-7	27252.0	25034.0	52771	2178
1839-8	27576.0	25301.0	54750	2142
1839-9	25753.0	23339.0	51646	1916
1839-10	27207.0	24952.0	52694	1909
1839-11	25639.0	23582.0	50125	1691
1839-12	19779.0	18090.0	39634	1441
1840-1	23947.0	21917.0	47086	1668
1840-2	26563.0	24270.0	51265	2186
1840-3	31112.0	28460.0	60747	2455
1840-4	28554.0	26035.0	55688	1986
1840-5	29064.0	26685.0	55247	2022
1840-6	31072.0	28488.0	61842	2304
1840-7	30200.0	27802.0	57597	2102
1840-8	32623.0	29857.0	65368	2343
1840-9	32802.0	29815.0	67670	2622
1840-10	29445.0	26944.0	57942	2275
1840-11	22973.0	21035.0	45565	1615
1840-12	32284.0	29336.0	65383	2839
1841-1	23756.0	21775.0	47026	1658
1841-2	24525.0	22358.0	48050	1757
1841-3	30983.0	28151.0	63722	2350
1841-4	34702.0	31631.0	72275	2400
1841-5	29959.0	27452.0	60042	2151
1841-6	29699.0	27099.0	61191	2116
1841-7	31902.0	29111.0	64864	2344
1841-8	29870.0	27314.0	60479	2149
1841-9	19612.0	17894.0	39922	1386
1841-10	28845.0	26518.0	57264	1988
1841-11	21239.0	19516.0	42618	1440
1841-12	30427.0	28005.0	57347	1996
1842-1	24768.0	22739.0	48979	1887
1842-2	23244.0	21393.0	44882	1601
1842-3	26750.0	24594.0	51472	1784
1842-4	29146.0	26766.0	56360	2009
1842-5	30785.0	28199.0	59633	2236
1842-6	22939.0	21066.0	42872	1756
1842-7	25178.0	22888.0	52402	2109
1842-8	23490.0	21419.0	47485	1888
1842-9	22397.0	20441.0	44186	1741
1842-10	17419.0	15916.0	35121	1315
1842-11	20673.0	18758.0	42967	1629
1842-12	18395.0	16757.0	37455	1466
1843-1	34256.0	30962.0	70855	3049
1843-2	31029.0	28080.0	64162	2611
1843-3	29336.0	26295.0	62969	2796
1843-4	26838.0	24160.0	57610	2315
1843-5	31457.0	28489.0	66421	2431
1843-6	27721.0	24899.0	60134	2489
1843-7	21540.0	19350.0	45697	2018
1843-8	29385.0	26346.0	63997	2990
1843-9	30367.0	27274.0	62820	2880
1843-10	27392.0	24705.0	57288	2436
1843-11	17322.0	15427.0	39610	1670
1843-12	24995.0	22362.0	54898	2415
1844-1	28350.0	25482.0	59429	2943
1844-2	27808.0	25131.0	57290	2820
1844-3	21711.0	19550.0	45378	2021
1844-4	27278.0	24615.0	55767	2621
1844-5	32224.0	28415.0	76526	3676
1844-6	19900.0	17477.0	50098	2220
1844-7	17183.0	15390.0	38317	1833
1844-8	24692.0	22311.0	52446	2317
1844-9	27024.0	24465.0	56103	2173
1844-10	26138.0	23579.0	54131	2222
1844-11	22138.0	19961.0	45989	2363
1844-12	25303.0	22507.0	55615	2560
1845-1	27226.0	24695.0	53674	2787
1845-2	16650.0	14721.0	38114	1941
1845-3	14619.0	12909.0	33330	1487
1845-4	17633.0	15543.0	41276	1889
1845-5	26734.0	23714.0	59833	2423
1845-6	21768.0	19489.0	47406	2077
1845-7	19095.0	16952.0	44053	1972
1845-8	24787.0	22228.0	53142	2594
1845-9	27654.0	24869.0	57749	2808
1845-10	27082.0	24508.0	55257	2425
1845-11	26029.0	23426.0	56802	2176
1845-12	28163.0	25208.0	62523	2866
1846-1	24630.0	21655.0	59703	2230
1846-2	17324.0	15287.0	40600	1415
1846-3	19634.0	17593.0	44724	1758
1846-4	22015.0	19863.0	47369	1739
1846-5	28040.0	25342.0	59576	2239
1846-6	29455.0	26256.0	67053	2529
1846-7	18817.0	17095.0	40168	1566
1846-8	24287.0	21956.0	52010	1902
1846-9	26779.0	24225.0	57526	2115
1846-10	23676.0	21128.0	51751	1973
1846-11	25839.0	23292.0	56974	1967
1846-12	23744.0	21388.0	49331	2013
1847-1	23786.0	21181.0	55197	2172
1847-2	20498.0	18477.0	44210	1737
1847-3	23928.0	21675.0	49349	1821
1847-4	31757.0	28653.0	66014	2578
1847-5	28167.0	25283.0	60850	2598
1847-6	23623.0	21398.0	48088	2014
1847-7	25874.0	23163.0	57230	2519
1847-8	23050.0	20403.0	54704	2717
1847-9	20124.0	18095.0	43418	1998
1847-10	24531.0	21876.0	55658	2326
1847-11	20394.0	17975.0	50156	2016
1847-12	27055.0	24206.0	59044	2890
1848-1	22634.0	19901.0	50691	3337
1848-2	21013.0	18622.0	46059	2134
1848-3	24983.0	22048.0	56270	2187
1848-4	16871.0	15290.0	35828	1253
1848-5	25767.0	22630.0	63631	2504
1848-6	22433.0	19842.0	53724	1974
1848-7	21133.0	18792.0	49961	1999
1848-8	27145.0	24095.0	61083	2466
1848-9	18880.0	16773.0	44503	1646
1848-10	26783.0	23894.0	58795	2445
1848-11	26935.0	23667.0	65513	2768
1848-12	23875.0	20925.0	57664	2762
1849-1	26820.0	24254.0	56257	2315
1849-2	26003.0	23404.0	54803	2064
1849-3	29588.0	26699.0	62484	2427
1849-4	23748.0	21340.0	51156	1950
1849-5	26786.0	23911.0	62188	2426
1849-6	35868.0	32054.0	84954	2829
1849-7	25739.0	23106.0	53478	2378
1849-8	27638.0	24742.0	55723	2877
1849-9	31113.0	27973.0	61988	3026
1849-10	27043.0	24366.0	54277	2378
1849-11	26138.0	23187.0	52077	3273
1849-12	21846.0	19595.0	46136	2296
1850-1	31334.0	27785.0	75968	2702
1850-2	20672.0	18552.0	44117	1596
1850-3	25977.0	23504.0	53785	2047
1850-4	24921.0	22501.0	54059	1755
1850-5	29595.0	26657.0	66200	2196
1850-6	23693.0	21383.0	54052	1876
1850-7	25689.0	23414.0	53316	1736
1850-8	30491.0	27609.0	63713	2345
1850-9	25295.0	22847.0	54831	1878
1850-10	22379.0	20267.0	47468	1531
1850-11	29857.0	26621.0	68842	2429
1850-12	21883.0	19731.0	47051	1526
1851-1	26691.0	23895.0	61697	1963
1851-2	23360.0	20986.0	52214	1704
1851-3	17592.0	15844.0	37348	1211
1851-4	21215.0	19213.0	45141	1455
1851-5	37149.0	34322.0	69908	2357
1851-6	31264.0	28705.0	58514	2315
1851-7	39810.0	36190.0	83133	2994
1851-8	34954.0	32023.0	66868	2440
1851-9	27587.0	25338.0	53580	1874
1851-10	24193.0	22039.0	50007	1844
1851-11	28923.0	26256.0	61986	2299
1851-12	25594.0	22879.0	59009	2073
1852-1	26081.0	23238.0	61006	2034
1852-2	23933.0	21212.0	57310	1873
1852-3	27031.0	24620.0	56319	1870
1852-4	25415.0	22939.0	54233	1754
1852-5	25582.0	22767.0	59612	1908
1852-6	18981.0	17150.0	40515	1214
1852-7	25469.0	22790.0	56799	1929
1852-8	23021.0	20664.0	52870	1818
1852-9	26312.0	23638.0	58302	2030
1852-10	23978.0	21500.0	54336	1745
1852-11	21244.0	19035.0	48199	1564
1852-12	19785.0	17485.0	48225	1631
1853-1	29646.0	26264.0	73722	2370
1853-2	24954.0	22205.0	58521	1871
1853-3	25909.0	23175.0	61543	1840
1853-4	24208.0	21351.0	60457	1732
1853-5	23968.0	21029.0	59484	1780
1853-6	22332.0	19727.0	54730	1716
1853-7	32351.0	28244.0	83304	2609
1853-8	29443.0	25967.0	72972	2487
1853-9	23766.0	21226.0	53787	1665
1853-10	23028.0	20679.0	51064	1589
1853-11	25882.0	22794.0	61995	2291
1853-12	28527.0	25467.0	65252	2075
1854-1	38088.0	33599.0	93877	3250
1854-2	38099.0	33946.0	92834	2880
1854-3	39318.0	35528.0	84644	2628
1854-4	37063.0	33458.0	80402	2459
1854-5	36249.0	32561.0	81799	2466
1854-6	34285.0	30750.0	78634	2489
1854-7	14804.0	13624.0	28994	902
1854-8	17688.0	16429.0	31866	1130
1854-9	16342.0	15216.0	28409	1061
1854-10	19773.0	18377.0	36024	1246
1854-11	15790.0	14595.0	29067	1068
1854-12	16248.0	14965.0	30645	1094
1855-1	23124.0	20729.0	52186	1560
1855-2	24224.0	21799.0	54127	1625
1855-3	28472.0	25483.0	65345	1907
1855-4	22403.0	20164.0	50163	1665
1855-5	30694.0	27158.0	77268	2424
1855-6	28488.0	25476.0	66145	1996
1855-7	36639.0	32968.0	83744	2567
1855-8	35734.0	32166.0	78864	2436
1855-9	24603.0	22184.0	53698	1650
1855-10	24495.0	21753.0	58678	1807
1855-11	26608.0	23687.0	62928	1939
1855-12	27172.0	24447.0	57613	2283
1856-1	39675.0	35910.0	86803	3052
1856-2	39748.0	35656.0	89567	3162
1856-3	41379.0	37429.0	88894	2988
1856-4	33502.0	30428.0	71224	2173
1856-5	32237.0	29197.0	70963	2124
1856-6	33834.0	30843.0	71418	2458
1856-7	64218.0	58451.0	133820	4624
1856-8	53992.0	49250.0	107624	4099
1856-9	41757.0	37856.0	89156	3174
1856-10	40711.0	37010.0	83995	2741
1856-11	39968.0	35901.0	92036	2971
1856-12	43775.0	39264.0	95149	3441
1857-1	52125.0	46853.0	112757	4152
1857-2	49167.0	44576.0	104261	3632
1857-3	46802.0	42530.0	97045	3293
1857-4	43155.0	39289.0	89275	3118
1857-5	41657.0	37770.0	88193	2862
1857-6	43435.0	39202.0	96000	3149
1857-7	53082.0	48234.0	111854	4028
1857-8	50811.0	46283.0	104630	3769
1857-9	50569.0	46084.0	108115	3568
1857-10	49426.0	44942.0	106354	3669
1857-11	53111.0	47997.0	113328	4031
1857-12	46876.0	42914.0	96522	3460
1858-1	33252.0	30418.0	66002	2193
1858-2	29762.0	27048.0	63747	2102
1858-3	34857.0	31554.0	73414	2643
1858-4	34385.0	31091.0	73352	2508
1858-5	38249.0	34464.0	83116	3045
1858-6	38257.0	34595.0	81289	2766
1858-7	40864.0	36603.0	90314	3467
1858-8	38684.0	34898.0	81414	2947
1858-9	41560.0	37245.0	89236	3548
1858-10	46380.0	41906.0	95979	3626
1858-11	42023.0	37881.0	87373	3534
1858-12	48418.0	43953.0	99209	3882
1859-1	41823.0	37808.0	87183	3651
1859-2	33056.0	30130.0	68140	2230
1859-3	42448.0	38670.0	88640	3072
1859-4	40253.0	36317.0	87298	2857
1859-5	48467.0	43808.0	106350	3510
1859-6	38296.0	34722.0	82990	2436
1859-7	41243.0	37510.0	87981	2829
1859-8	44320.0	40159.0	92975	3301
1859-9	42729.0	38624.0	91314	3175
1859-10	45383.0	41231.0	95491	3331
1859-11	48972.0	44170.0	107901	3736
1859-12	53275.0	48062.0	117527	4332
1860-1	51132.0	46333.0	111916	3634
1860-2	48121.0	43518.0	105693	3457
1860-3	53432.0	48277.0	115893	4170
1860-4	45780.0	41428.0	98886	3258
1860-5	46816.0	41981.0	105059	3741
1860-6	42386.0	38567.0	88427	2896
1860-7	47097.0	42470.0	104242	3435
1860-8	51282.0	46301.0	114023	3454
1860-9	42519.0	38734.0	89467	2901
1860-10	46466.0	42036.0	100071	3321
1860-11	43863.0	39364.0	99175	3155
1860-12	51935.0	46432.0	118469	4511
1861-1	50777.0	45083.0	117633	4530
1861-2	44676.0	40248.0	101619	3400
1861-3	36301.0	32508.0	82152	2689
1861-4	51634.0	46734.0	110678	3985
1861-5	46684.0	41971.0	105175	3403
1861-6	44582.0	40285.0	100645	3435
1861-7	51561.0	46216.0	122182	4064
1861-8	56226.0	50148.0	135589	4537
1861-9	49457.0	44389.0	116325	3892
1861-10	51611.0	46565.0	114070	3834
1861-11	50915.0	45549.0	121991	4067
1861-12	48435.0	43578.0	106150	3891
1862-1	48338.0	43864.0	104181	3399
1862-2	45603.0	41095.0	100622	3444
1862-3	51651.0	46578.0	115038	3815
1862-4	60897.0	54555.0	141604	4644
1862-5	63069.0	55797.0	153845	5663
1862-6	57102.0	50834.0	137716	4617
1862-7	64182.0	57345.0	154373	5107
1862-8	54987.0	49081.0	127766	4214
1862-9	56671.0	50671.0	130193	4190
1862-10	61430.0	54846.0	142609	5034
1862-11	51828.0	45918.0	129751	4191
1862-12	57746.0	51147.0	142303	4992
1863-1	68359.0	61282.0	156645	5760
1863-2	61346.0	54683.0	147667	5258
1863-3	65286.0	58637.0	147411	5287
1863-4	65925.0	59510.0	140278	5333
1863-5	59320.0	53216.0	136394	4891
1863-6	58106.0	52091.0	132623	4698
1863-7	69755.0	61920.0	170876	6457
1863-8	64865.0	58062.0	152010	5187
1863-9	62009.0	55665.0	138212	4558
1863-10	61779.0	55421.0	139552	4534
1863-11	64912.0	57843.0	155714	4821
1863-12	65421.0	58369.0	157948	5715
1864-1	58781.0	52440.0	136561	4810
1864-2	57031.0	51187.0	126233	4276
1864-3	60660.0	54547.0	136877	4516
1864-4	61709.0	55340.0	139668	4781
1864-5	59584.0	53033.0	142362	4953
1864-6	63068.0	56740.0	143477	4586
1864-7	58835.0	52835.0	136369	4286
1864-8	61027.0	54670.0	141589	4914
1864-9	58759.0	52522.0	137434	4853
1864-10	56246.0	50565.0	126170	4642
1864-11	56899.0	50578.0	134409	5325
1864-12	60556.0	53335.0	155651	6349
1865-1	51781.0	46246.0	122913	4258
1865-2	46651.0	42014.0	101602	3577
1865-3	50557.0	45485.0	112087	3628
1865-4	41631.0	37886.0	86749	3157
1865-5	42880.0	38713.0	87702	4127
1865-6	41941.0	38201.0	81735	3786
1865-7	31899.0	29286.0	62686	2391
1865-8	43518.0	39670.0	90290	3054
1865-9	46817.0	42348.0	101251	3432
1865-10	51324.0	46385.0	114323	4116
1865-11	54358.0	48617.0	127319	5058
1865-12	51485.0	46208.0	111693	4421
1866-1	56978.0	51434.0	124609	4188
1866-2	49563.0	44738.0	112545	3862
1866-3	56985.0	51780.0	123412	4278
1866-4	44530.0	40254.0	96503	3449
1866-5	53574.0	48376.0	115404	4182
1866-6	58397.0	52786.0	121172	4801
1866-7	57719.0	51908.0	131916	4323
1866-8	55493.0	50076.0	119467	4273
1866-9	53610.0	48460.0	113820	4387
1866-10	51958.0	47061.0	109605	3744
1866-11	52132.0	47208.0	113651	3735
1866-12	45364.0	40986.0	97336	3718
1867-1	35307.0	33068.0	59294	2203
1867-2	35984.0	33667.0	61246	2288
1867-3	41545.0	38122.0	82472	2936
1867-4	32668.0	30133.0	63434	2183
1867-5	46494.0	42476.0	94630	3134
1867-6	40416.0	37101.0	81367	2821
1867-7	43787.0	40190.0	88331	2911
1867-8	45647.0	41887.0	90961	2989
1867-9	43750.0	40371.0	84696	2930
1867-10	47653.0	43602.0	93756	3544
1867-11	58382.0	52824.0	124993	4396
1867-12	54828.0	49728.0	119053	4163
1868-1	60903.0	54940.0	134258	4514
1868-2	56016.0	50637.0	123701	4176
1868-3	50028.0	45396.0	104111	3568
1868-4	49216.0	44537.0	104422	3791
1868-5	53972.0	48829.0	117754	3577
1868-6	54332.0	49439.0	114388	3692
1868-7	52675.0	47731.0	115457	3805
1868-8	58952.0	53602.0	125927	4036
1868-9	61806.0	56243.0	131209	4083
1868-10	58556.0	53121.0	124566	4071
1868-11	53043.0	48325.0	111423	3656
1868-12	55121.0	49897.0	118144	4037
1869-1	56633.0	51254.0	119738	4807
1869-2	56311.0	51006.0	119881	4306
1869-3	54595.0	49462.0	114999	4364
1869-4	54977.0	50190.0	114343	3686
1869-5	51013.0	46447.0	109695	3421
1869-6	55593.0	50654.0	117071	3610
1869-7	55393.0	50234.0	123409	3996
1869-8	55389.0	50256.0	118930	3727
1869-9	53807.0	48689.0	116289	3634
1869-10	60033.0	54663.0	126289	4025
1869-11	59122.0	53989.0	124741	4106
1869-12	59319.0	53786.0	126010	4611
1870-1	54773.0	49988.0	112564	3828
1870-2	50284.0	45808.0	104541	3642
1870-3	60524.0	55273.0	124093	4334
1870-4	57603.0	52280.0	120868	4081
1870-5	60589.0	55009.0	128123	4264
1870-6	62323.0	56451.0	134382	4645
1870-7	69421.0	62318.0	156531	5255
1870-8	51050.0	45846.0	114276	3633
1870-9	51063.0	45678.0	116511	3585
1870-10	51803.0	46855.0	110310	3773
1870-11	51162.0	45900.0	112863	3875
1870-12	63896.0	57341.0	145642	4464
1871-1	80465.0	72318.0	179915	5706
1871-2	76749.0	68744.0	171562	5877
1871-3	80467.0	71823.0	185039	5770
1871-4	75871.0	68032.0	176384	4938
1871-5	78019.0	69703.0	182931	5197
1871-6	77729.0	69957.0	178386	5392
1871-7	70996.0	63981.0	164382	5193
1871-8	76976.0	69103.0	178645	5421
1871-9	68176.0	61662.0	151442	4710
1871-10	69093.0	62523.0	150000	4965
1871-11	61085.0	54751.0	137057	4802
1871-12	69314.0	62584.0	153117	4914
1872-1	61632.0	55887.0	135117	4121
1872-2	59867.0	54076.0	133702	4246
1872-3	66390.0	60174.0	147894	4661
1872-4	69335.0	62258.0	160443	4949
1872-5	66193.0	59402.0	152564	4645
1872-6	61745.0	55858.0	138080	4096
1872-7	70962.0	64644.0	155428	4642
1872-8	72948.0	66453.0	156967	4959
1872-9	74621.0	67930.0	160818	4949
1872-10	78148.0	71348.0	166563	5142
1872-11	72195.0	65125.0	164182	5108
1872-12	75823.0	68533.0	171068	5124
1873-1	75529.0	68291.0	167310	5546
1873-2	64989.0	58255.0	151203	5373
1873-3	71453.0	64445.0	161456	4959
1873-4	67092.0	60661.0	145451	5239
1873-5	67575.0	61107.0	151122	4863
1873-6	49143.0	45280.0	97268	3252
1873-7	60041.0	55021.0	126618	4077
1873-8	49931.0	45934.0	99137	3161
1873-9	41840.0	39165.0	71503	2449
1873-10	40863.0	38117.0	73128	2587
1873-11	55027.0	49385.0	127849	4324
1873-12	68054.0	61257.0	154465	5448
1874-1	73603.0	66256.0	165028	6124
1874-2	62380.0	55930.0	142670	4602
1874-3	62523.0	56649.0	135367	4793
1874-4	60794.0	55080.0	132351	4889
1874-5	66106.0	59361.0	149176	5260
1874-6	59544.0	53206.0	137689	5083
1874-7	65973.0	59384.0	148826	4932
1874-8	64545.0	58013.0	149189	4738
1874-9	69245.0	62384.0	157100	5030
1874-10	67840.0	61417.0	153677	4874
1874-11	59452.0	53125.0	139797	4549
1874-12	69831.0	62016.0	167099	5273
1875-1	79218.0	70167.0	194142	6262
1875-2	79524.0	70183.0	190123	7223
1875-3	84748.0	75213.0	197741	7286
1875-4	79044.0	70634.0	184165	5926
1875-5	79488.0	71371.0	182975	6080
1875-6	77858.0	69346.0	187804	6014
1875-7	95236.0	84823.0	228962	7165
1875-8	96545.0	86533.0	228325	7096
1875-9	102451.0	92208.0	233739	7492
1875-10	97832.0	88114.0	220717	7010
1875-11	97827.0	86848.0	232612	7773
1875-12	98132.0	87646.0	235042	7750
1876-1	87194.0	78104.0	200926	6572
1876-2	93431.0	83313.0	217048	7009
1876-3	102917.0	91400.0	248062	8210
1876-4	90658.0	80682.0	212769	6837
1876-5	99447.0	88261.0	238552	7931
1876-6	101817.0	90388.0	243937	8204
1877-1	89520.0	80440.0	201658	6142
1877-2	85584.0	76711.0	195048	6342
1877-3	94564.0	84376.0	226828	7527
1877-4	81279.0	72858.0	182706	5886
1877-5	96812.0	86492.0	223309	7412
1877-6	88887.0	79023.0	210954	6942
1877-7	102806.0	92619.0	226769	7236
1877-8	101095.0	90910.0	226644	7370
1877-9	86646.0	77556.0	199799	6372
1877-10	78960.0	71347.0	174794	5782
1877-11	83140.0	74382.0	192623	7063
1877-12	84996.0	75994.0	199612	6882
1878-1	86516.0	77593.0	194490	6478
1878-2	71522.0	64413.0	161215	5089
1878-3	51551.0	47808.0	97044	3327
1878-4	47561.0	44078.0	89568	2988
1878-5	49867.0	46077.0	95657	3242
1878-6	42041.0	38980.0	77231	2799
1878-7	105436.0	95958.0	216464	8237
1878-8	98955.0	89813.0	211177	8110
1878-9	74006.0	67303.0	152403	5594
1878-10	58275.0	53710.0	114191	3908
1878-11	42848.0	39778.0	78914	2712
1878-12	36373.0	33973.0	65224	2163
1879-1	75307.0	67727.0	168894	5739
1879-2	84208.0	75635.0	190715	6822
1879-3	84086.0	75775.0	188224	6704
1879-4	66823.0	61295.0	133570	4407
1879-5	43763.0	41093.0	73045	2686
1879-6	62671.0	57344.0	131380	4637
1879-7	83519.0	75382.0	187231	6407
1879-8	79669.0	71787.0	173373	6484
1879-9	75540.0	68100.0	170090	5900
1879-10	84133.0	75582.0	190719	6242
1879-11	79515.0	71329.0	184433	6176
1879-12	79058.0	71127.0	181337	5858
1880-1	74274.0	67153.0	168073	5546
1880-2	70717.0	63711.0	160025	5315
1880-3	74698.0	67540.0	167624	5451
1880-4	78358.0	70500.0	176691	6072
1880-5	80875.0	72563.0	187278	6208
1880-6	77155.0	69122.0	182211	5666
1880-7	80840.0	72822.0	181194	6109
1880-8	80809.0	72706.0	181102	6065
1880-9	77860.0	70029.0	175997	5471
1880-10	84648.0	76386.0	188513	6237
1880-11	77848.0	69907.0	180283	5819
1880-12	78520.0	70407.0	179676	6446
1881-1	79660.0	71491.0	178707	5985
1881-2	65051.0	58648.0	144798	5227
1881-3	77971.0	69716.0	182197	6212
1881-4	68237.0	61040.0	159962	5506
1881-5	74648.0	66576.0	174807	6770
1881-6	87173.0	77567.0	204275	7187
1881-7	80801.0	72399.0	180930	6739
1881-8	85784.0	76637.0	196257	7138
1881-9	75730.0	67513.0	176098	6548
1881-10	82361.0	73243.0	194981	6569
1881-11	83796.0	75000.0	198162	6104
1881-12	79300.0	71589.0	181500	5599
1882-1	73685.0	66483.0	164934	5437
1882-2	72637.0	64953.0	170285	5139
1882-3	77229.0	69010.0	180401	5968
1882-4	71350.0	63519.0	173126	5380
1882-5	75252.0	67920.0	170812	5363
1882-6	86126.0	77209.0	201799	5974
1882-7	85648.0	77004.0	196401	5907
1882-8	90630.0	81483.0	207520	6342
1882-9	84348.0	75798.0	193553	5990
1882-10	89016.0	80560.0	195886	6335
1882-11	80323.0	72292.0	182026	5807
1882-12	77377.0	69155.0	184945	5881
1883-1	83842.0	74781.0	200024	6698
1883-2	75129.0	67478.0	174683	5656
1883-3	86467.0	77863.0	200029	6544
1883-4	87561.0	78660.0	205499	6903
1883-5	90030.0	81271.0	200554	6672
1883-6	91011.0	82362.0	198162	6573
1883-7	103097.0	93591.0	215223	7577
1883-8	102471.0	92890.0	217377	7631
1883-9	86561.0	78686.0	185060	6538
1883-10	102422.0	92623.0	223197	7676
1883-11	98972.0	89765.0	213350	7543
1883-12	89454.0	81516.0	194125	6326
1884-1	87680.0	79235.0	191221	6644
1884-2	89205.0	80935.0	192904	6315
1884-3	86071.0	77641.0	192992	6229
1884-4	90399.0	81400.0	204598	6399
1884-5	63123.0	57639.0	132243	3951
1884-6	46025.0	43068.0	81902	2675
1884-7	49055.0	45970.0	85146	2931
1884-8	91215.0	82535.0	206373	6495
1884-9	49450.0	45774.0	92786	3274
1884-10	48787.0	45508.0	85694	2982
1884-11	81484.0	73636.0	179988	5998
1884-12	92266.0	82662.0	215494	7411
1885-1	86636.0	77279.0	200138	7473
1885-2	83464.0	75244.0	185803	5940
1885-3	88466.0	80044.0	195191	6204
1885-4	84283.0	75936.0	189173	5982
1885-5	84865.0	76511.0	191929	6141
1885-6	86671.0	78150.0	194316	6316
1885-7	85591.0	77670.0	185476	6185
1885-8	91495.0	82547.0	204381	6181
1885-9	83431.0	75222.0	188007	5759
1885-10	90847.0	81741.0	204906	6415
1885-11	94212.0	84825.0	217324	6612
1885-12	94383.0	85244.0	210004	6699
1886-1	86849.0	78785.0	186260	6040
1886-2	84164.0	75824.0	192696	6158
1886-3	94019.0	84966.0	211784	6572
1886-4	84263.0	76075.0	187578	5965
1886-5	83250.0	75484.0	182464	5833
1886-6	82849.0	74660.0	188691	6074
1886-7	84528.0	76644.0	189911	5775
1886-8	89114.0	80281.0	204312	6151
1886-9	91695.0	82806.0	205175	6081
1886-10	87886.0	79393.0	201120	5893
1886-11	87788.0	78722.0	202696	6270
1886-12	103447.0	93807.0	227071	7160
1887-1	98363.0	89466.0	211183	6677
1887-2	87708.0	79797.0	191500	5713
1887-3	104841.0	95336.0	223377	7135
1887-4	99160.0	90095.0	212980	6626
1887-5	91216.0	82347.0	207255	6791
1887-6	105857.0	95746.0	239824	7496
1887-7	97213.0	88206.0	213776	6323
1887-8	101169.0	91801.0	225523	6518
1887-9	110052.0	99696.0	242772	7251
1887-10	90551.0	81994.0	197663	6285
1887-11	111068.0	100465.0	245560	8225
1887-12	113787.0	102766.0	253848	8539
1888-1	103864.0	93834.0	232095	7381
1888-2	103775.0	94085.0	227983	7065
1888-3	97377.0	87527.0	226645	6794
1888-4	95936.0	86617.0	213453	6606
1888-5	104075.0	93664.0	232240	6914
1888-6	111390.0	100317.0	255706	7723
1888-7	108557.0	97714.0	251178	7590
1888-8	105510.0	95258.0	237081	7207
1888-9	92950.0	84122.0	206574	6356
1888-10	103834.0	93760.0	232307	7027
1888-11	102927.0	93050.0	230325	7129
1888-12	88335.0	80062.0	195138	6166
1889-1	99930.0	90427.0	220192	6776
1889-2	97793.0	88663.0	214097	6991
1889-3	97217.0	88138.0	216171	6484
1889-4	102052.0	92561.0	228103	6874
1889-5	108813.0	98539.0	240255	7481
1889-6	94629.0	85095.0	219441	6714
1889-7	104599.0	94631.0	229423	6974
1889-8	106152.0	95903.0	235953	7292
1889-9	83475.0	75307.0	189320	5931
1889-10	104079.0	93565.0	233660	7790
1889-11	103334.0	92943.0	234641	8002
1889-12	107139.0	97380.0	225977	8163
1890-1	101104.0	91548.0	217703	7703
1890-2	102058.0	92244.0	218841	7982
1890-3	119437.0	108041.0	260784	9113
1890-4	106587.0	96429.0	232307	7779
1890-5	110253.0	99197.0	248800	8572
1890-6	106381.0	96250.0	236365	8233
1890-7	111828.0	101201.0	237949	9069
1890-8	106793.0	96566.0	226707	8842
1890-9	105975.0	95330.0	236978	8454
1890-10	106367.0	95374.0	235099	8735
1890-11	103391.0	93808.0	220263	8206
1890-12	137882.0	123610.0	300314	12553
1891-1	128996.0	115195.0	281965	12136
1891-2	111912.0	100522.0	243323	9969
1891-3	130845.0	117345.0	289705	11292
1891-4	131909.0	118383.0	297411	11169
1891-5	113211.0	101249.0	254436	9774
1891-6	125206.0	111678.0	289064	11484
1891-7	145800.0	130376.0	325421	12855
1891-8	131864.0	118537.0	289033	10912
1891-9	128298.0	114990.0	287210	10875
1891-10	125346.0	112549.0	281720	9790
1891-11	122565.0	110334.0	272697	10150
1891-12	141498.0	127162.0	312243	11674
1892-1	114174.0	102768.0	246268	9960
1892-2	125956.0	112863.0	278502	10792
1892-3	125436.0	112983.0	281759	9638
1892-4	132963.0	119741.0	295774	10166
1892-5	116813.0	104847.0	266352	8959
1892-6	124294.0	111684.0	282270	9598
1892-7	115142.0	103311.0	262894	8544
1892-8	129826.0	116688.0	288446	10052
1892-9	129579.0	116145.0	290725	10769
1892-10	126434.0	113297.0	294345	9546
1892-11	134966.0	120806.0	317515	10588
1892-12	140830.0	126523.0	320244	11346
1893-1	118123.0	106371.0	262456	9377
1893-2	128918.0	115734.0	285287	10562
1893-3	131657.0	118038.0	298689	10079
1893-4	136207.0	122473.0	304097	10616
1893-5	142809.0	127938.0	322096	11434
1893-6	138325.0	123512.0	318886	11711
1893-7	129999.0	116271.0	297501	10131
1893-8	125726.0	112661.0	283100	10056
1893-9	118990.0	106172.0	271058	10169
1893-10	124852.0	111638.0	278902	11395
1893-11	136235.0	122100.0	305530	11410
1893-12	141146.0	126813.0	317780	11469
1894-1	128423.0	115459.0	287414	9836
1894-2	117166.0	105378.0	258747	9216
1894-3	130301.0	117071.0	291687	10278
1894-4	117229.0	104750.0	269742	10146
1894-5	123424.0	110579.0	287928	9292
1894-6	130972.0	116891.0	305159	11178
1894-7	126506.0	113340.0	287367	10176
1894-8	118887.0	105402.0	266540	11289
1894-9	122756.0	109726.0	272352	11147
1894-10	132840.0	118989.0	295515	10967
1894-11	131139.0	117785.0	295438	9937
1894-12	124019.0	110451.0	289218	10155
1895-1	134078.0	120038.0	306922	11094
1895-2	115646.0	103617.0	265298	9598
1895-3	135729.0	120981.0	314674	11074
1895-4	118483.0	106010.0	270970	9790
1895-5	120750.0	108341.0	272519	9598
1895-6	120192.0	106557.0	288070	10805
1895-7	125098.0	112274.0	280606	10194
1895-8	133102.0	119287.0	300090	10656
1895-9	116060.0	103641.0	264854	9816
1895-10	134668.0	119959.0	309611	11674
1895-11	132688.0	118899.0	298386	11328
1895-12	133880.0	119036.0	309934	11299
1896-1	123033.0	109691.0	275598	11474
1896-2	119319.0	106784.0	265567	10830
1896-3	126367.0	112476.0	289064	11269
1896-4	123018.0	109813.0	283022	10045
1896-5	129311.0	115834.0	291207	10622
1896-6	131820.0	117899.0	303682	10720
1896-7	123238.0	110097.0	275604	10940
1896-8	121114.0	108567.0	266945	10690
1896-9	124064.0	110723.0	279050	10763
1896-10	128075.0	114320.0	292652	10331
1896-11	129887.0	116221.0	302050	10677
1896-12	136880.0	122329.0	311512	11620
1897-1	124575.0	111497.0	280327	10220
1897-2	123377.0	110375.0	284095	10127
1897-3	121160.0	108518.0	279699	9686
1897-4	137354.0	123125.0	309192	10951
1897-5	126014.0	112453.0	292039	10494
1897-6	136199.0	121334.0	317318	10456
1897-7	142299.0	127351.0	324233	11309
1897-8	132757.0	119297.0	298361	10366
1897-9	135007.0	119722.0	319512	11487
1897-10	134739.0	120418.0	309548	10581
1897-11	139397.0	123854.0	325517	11715
1897-12	141140.0	126639.0	326083	10825
1898-1	114532.0	102260.0	273162	9781
1898-2	113997.0	101899.0	272113	9479
1898-3	135377.0	121344.0	308366	10783
1898-4	124772.0	111749.0	282825	9665
1898-5	122934.0	109624.0	279247	10574
1898-6	127587.0	114014.0	294227	10683
1898-7	139770.0	124939.0	322126	11861
1898-8	119360.0	106722.0	270829	9822
1898-9	131713.0	117781.0	299943	11150
1898-10	137985.0	122870.0	314390	11814
1898-11	128483.0	114719.0	286542	11767
1898-12	143207.0	127864.0	326060	12212
1899-1	161539.0	143983.0	368167	14548
1899-2	118544.0	105957.0	264417	11071
1899-3	162600.0	145370.0	362016	15385
1899-4	106529.0	95304.0	239781	10454
1899-5	167055.0	149983.0	372270	14966
1899-6	149298.0	133322.0	348912	13009
1899-7	135688.0	121556.0	304576	11238
1899-8	146019.0	129899.0	337287	13031
1899-9	165574.0	147526.0	371966	14630
1899-10	130775.0	116770.0	287257	11736
1899-11	145041.0	129265.0	330949	12500
1899-12	143214.0	128051.0	319025	12570
1900-1	154811.0	138601.0	337436	13266
1900-2	134125.0	120288.0	300408	10859
1900-3	163837.0	145894.0	373681	14230
1900-4	139086.0	124033.0	308424	12348
1900-5	149912.0	133658.0	343235	12815
1900-6	135259.0	121500.0	304728	10943
1900-7	138236.0	124051.0	311494	10763
1900-8	159775.0	143573.0	351409	12640
1900-9	148491.0	133506.0	330310	11999
1900-10	170853.0	153203.0	372022	14174
1900-11	158440.0	142012.0	349788	13556
1900-12	145605.0	130286.0	324071	12792
1901-1	156248.0	140548.0	339792	12923
1901-2	149079.0	133483.0	324409	13403
1901-3	170434.0	152628.0	375741	15062
1901-4	158987.0	142227.0	351090	13877
1901-5	153604.0	137671.0	335951	13838
1901-6	143731.0	127805.0	324505	13617
1901-7	164085.0	146866.0	356346	14299
1901-8	164556.0	147830.0	353617	14617
1901-9	154320.0	138329.0	335051	14068
1901-10	160397.0	143381.0	349340	14577
1901-11	152840.0	136292.0	345298	13543
1901-12	148226.0	133484.0	324747	12664
1902-1	163847.0	147553.0	355207	13166
1902-2	140193.0	126865.0	305168	10935
1902-3	141962.0	128290.0	306677	11596
1902-4	142367.0	127744.0	320007	12643
1902-5	152938.0	137710.0	344970	12310
1902-6	146822.0	131779.0	332152	12738
1902-7	170924.0	154919.0	372596	12684
1902-8	166792.0	151629.0	359452	12081
1902-9	163818.0	148839.0	360073	11467
1902-10	185976.0	167739.0	423264	14424
1902-11	161483.0	146018.0	361738	12931
1902-12	182740.0	164537.0	415708	14944
1903-1	146007.0	132155.0	322372	11557
1903-2	141768.0	128283.0	309913	10836
1903-3	157501.0	142821.0	344046	11740
1903-4	146494.0	132162.0	327336	11413
1903-5	148663.0	134209.0	325165	11373
1903-6	164303.0	147941.0	375328	13211
1903-7	166599.0	150489.0	369103	12671
1903-8	160446.0	144892.0	357428	12023
1903-9	172814.0	156453.0	377786	12601
1903-10	188673.0	171044.0	410523	13949
1903-11	173113.0	157013.0	376468	12884
1903-12	181837.0	164599.0	404643	13975
1904-1	151131.0	137312.0	324257	10993
1904-2	143479.0	129528.0	322570	10828
1904-3	155992.0	140719.0	348012	11442
1904-4	134373.0	121459.0	298748	10401
1904-5	152361.0	137332.0	344870	12110
1904-6	172881.0	155804.0	389058	13487
1904-7	141303.0	127504.0	313603	10843
1904-8	137553.0	123794.0	309626	10584
1904-9	155232.0	139113.0	353789	12477
1904-10	145507.0	130601.0	327448	11688
1904-11	147165.0	132673.0	324211	12144
1904-12	174864.0	156301.0	397923	15480
1905-1	136847.0	122836.0	302959	11502
1905-2	138921.0	125554.0	297769	11105
1905-3	153003.0	137606.0	338794	12706
1905-4	145774.0	131299.0	312430	12573
1905-5	163446.0	147405.0	349759	13525
1905-6	133100.0	118344.0	300265	12647
1905-7	185069.0	167891.0	379830	15818
1905-8	168192.0	152070.0	369999	12815
1905-9	159310.0	144645.0	346566	11078
1905-10	161610.0	146399.0	355062	12189
1905-11	160589.0	144960.0	360442	12129
1905-12	176349.0	158875.0	397208	13478
1906-1	145627.0	131503.0	320056	10963
1906-2	124579.0	112363.0	282836	9881
1906-3	157896.0	141938.0	358149	12610
1906-4	146437.0	131826.0	330357	11239
1906-5	143875.0	129432.0	327348	10978
1906-6	150614.0	134607.0	357880	11825
1906-7	154145.0	139435.0	347223	11699
1906-8	168498.0	152537.0	367339	12412
1906-9	193985.0	174969.0	430804	14236
1906-10	165192.0	149116.0	361453	13325
1906-11	143394.0	129473.0	320410	10856
1906-12	173778.0	157715.0	380363	12919
1907-1	146354.0	133313.0	312470	10283
1907-2	143374.0	130142.0	310418	10047
1907-3	147895.0	134056.0	325240	11321
1907-4	146133.0	132683.0	319226	11673
1907-5	158685.0	143125.0	351912	12210
1907-6	145866.0	131175.0	334888	11206
1907-7	152420.0	138562.0	326376	11362
1907-8	153655.0	139305.0	333041	11307
1907-9	166597.0	150527.0	369878	12448
1907-10	161461.0	146235.0	351658	12157
1907-11	154373.0	140474.0	326057	11925
1907-12	159237.0	143736.0	352116	12442
1908-1	144367.0	130211.0	314226	11648
1908-2	140733.0	126951.0	307034	11933
1908-3	165102.0	150105.0	347372	12740
1908-4	157206.0	142124.0	338600	12382
1908-5	163349.0	147869.0	354748	13077
1908-6	174734.0	158388.0	383105	13142
1908-7	164975.0	149867.0	356233	12337
1908-8	151043.0	137656.0	316683	11680
1908-9	165050.0	149574.0	359594	12946
1908-10	171163.0	155215.0	371688	13378
1908-11	148469.0	134404.0	319054	11788
1908-12	175210.0	158068.0	385173	14230
1909-1	152220.0	138154.0	321234	11677
1909-2	130821.0	118450.0	274094	10991
1909-3	160966.0	145015.0	347847	14106
1909-4	153205.0	137879.0	333648	12699
1909-5	161103.0	145129.0	344715	13669
1909-6	167810.0	151824.0	360915	13481
1909-7	159913.0	145131.0	336772	12831
1909-8	149015.0	135702.0	311544	11580
1909-9	182616.0	164767.0	385564	15295
1909-10	178378.0	161161.0	379247	14811
1909-11	164998.0	149369.0	347755	13818
1909-12	208121.0	187813.0	448383	17843
1910-1	174100.0	157161.0	369105	14364
1910-2	174105.0	157773.0	363545	14613
1910-3	190776.0	172348.0	400075	16581
1910-4	191958.0	173459.0	408561	16589
1910-5	193261.0	174439.0	411337	17195
1910-6	190246.0	171343.0	408091	17179
1910-7	209504.0	189407.0	434021	18979
1910-8	165602.0	150166.0	335974	15162
1910-9	175452.0	157806.0	369781	15746
1910-10	191767.0	172851.0	409089	17662
1910-11	172746.0	154817.0	375538	16678
1910-12	206435.0	185294.0	428157	20616
1911-1	169956.0	152315.0	348978	17000
1911-2	162534.0	146249.0	333475	16427
1911-3	200408.0	179737.0	410366	22331
1911-4	171952.0	154327.0	359792	17450
1911-5	198498.0	178075.0	417222	21037
1911-6	202815.0	181918.0	426372	20528
1911-7	168977.0	152015.0	346887	16180
1911-8	175090.0	156392.0	359757	19072
1911-9	176684.0	158261.0	381350	15653
1911-10	201383.0	181059.0	434447	16902
1911-11	165125.0	148770.0	356901	13903
1911-12	218154.0	196896.0	470846	18155
1912-1	179407.0	161740.0	382889	15228
1912-2	173074.0	156964.0	361124	13896
1912-3	198113.0	179190.0	419828	16435
1912-4	176848.0	160044.0	375721	13839
1912-5	210533.0	191343.0	436849	16079
1912-6	216593.0	196620.0	462319	15969
1912-7	206364.0	187875.0	428518	15477
1912-8	188740.0	170965.0	396592	15065
1912-9	215305.0	194815.0	451121	17368
1912-10	229535.0	206717.0	487305	19811
1912-11	257234.0	230899.0	549221	23316
1912-12	246878.0	222279.0	534353	21043
1913-1	212757.0	192625.0	450698	16570
1913-2	208404.0	188442.0	455028	15123
1913-3	230595.0	207787.0	512766	17023
1913-4	230583.0	207524.0	512811	17472
1913-5	237906.0	215104.0	519656	18168
1913-6	214728.0	194296.0	473957	16207
1913-7	239392.0	217154.0	517600	17515
1913-8	235309.0	213695.0	506651	17031
1913-9	226152.0	206419.0	468788	15868
1913-10	259058.0	236556.0	539587	18167
1913-11	237500.0	216540.0	491522	17147
1913-12	226553.0	205172.0	479602	18436
1914-1	197767.0	180338.0	408993	14401
1914-2	187572.0	171340.0	390297	13649
1914-3	217264.0	197095.0	467391	16591
1914-4	200419.0	182931.0	422282	14554
1914-5	217508.0	197582.0	468457	15900
1914-6	228994.0	207731.0	500939	16680
1914-7	209317.0	189712.0	461908	15578
1914-8	198456.0	179455.0	434640	12809
1914-9	183689.0	166051.0	398245	11025
1914-10	212804.0	193198.0	452590	12705
1914-11	203180.0	184204.0	427883	13787
1914-12	237581.0	214451.0	506976	18076
1915-1	217556.0	198057.0	442287	14905
1915-2	194751.0	177253.0	402685	12721
1915-3	234003.0	213038.0	479122	15143
1915-4	191769.0	175243.0	388788	12483
1915-5	221137.0	202565.0	453574	13603
1915-6	208881.0	190987.0	431896	13222
1915-7	226877.0	208786.0	443235	14250
1915-8	228935.0	209887.0	463597	13762
1915-9	206503.0	187826.0	437750	13534
1915-10	204155.0	185340.0	426017	14565
1915-11	223731.0	204200.0	458662	15187
1915-12	227024.0	205619.0	483047	15897
1916-1	203931.0	186063.0	419324	13872
1916-2	214008.0	195994.0	428985	13690
1916-3	249533.0	228500.0	506429	15943
1916-4	228149.0	210118.0	445040	14275
1916-5	233447.0	212910.0	485342	15390
1916-6	244270.0	222547.0	512022	15630
1916-7	202397.0	185043.0	411853	12412
1916-8	206781.0	188333.0	433917	12725
1916-9	208056.0	189843.0	428944	13513
1916-10	239781.0	220094.0	470748	15871
1916-11	232313.0	213064.0	457470	15412
1916-12	245787.0	224276.0	497438	17347
1917-1	214474.0	196545.0	425816	14820
1917-2	177146.0	161576.0	366133	11913
1917-3	220004.0	199801.0	461961	15616
1917-4	199187.0	179925.0	428308	14693
1917-5	215434.0	195631.0	462855	14617
1917-6	222602.0	202345.0	472883	15633
1917-7	236534.0	215513.0	495570	16192
1917-8	207690.0	190272.0	423489	12649
1917-9	226575.0	204797.0	487689	15537
1917-10	230540.0	208808.0	479912	16844
1917-11	217897.0	199293.0	428290	15190
1917-12	207800.0	189853.0	414547	14612
1918-1	180349.0	164010.0	370041	11933
1918-2	181625.0	165469.0	374733	12636
1918-3	179078.0	162856.0	366731	12077
1918-4	190486.0	174600.0	380791	12677
1918-5	185320.0	169396.0	372764	12626
1918-6	194872.0	178576.0	388364	12715
1918-7	189701.0	172929.0	390083	12786
1918-8	207985.0	189189.0	434432	13823
1918-9	181877.0	166061.0	375217	11993
1918-10	199260.0	182366.0	399193	13271
1918-11	184760.0	169021.0	366902	13163
1918-12	227196.0	207986.0	451264	16304
1919-1	210185.0	193270.0	411466	13987
1919-2	214242.0	197033.0	417702	13979
1919-3	238010.0	218918.0	461178	15895
1919-4	234668.0	214485.0	468932	16424
1919-5	250047.0	229520.0	490535	16567
1919-6	231797.0	212416.0	462468	16136
1919-7	201657.0	185333.0	398143	13113
1919-8	235384.0	216786.0	462469	14912
1919-9	220782.0	202169.0	453789	14588
1919-10	231461.0	213345.0	452027	14398
1919-11	212326.0	195326.0	424855	14049
1919-12	246670.0	225995.0	497507	17247
1920-1	228556.0	210283.0	435386	16494
1920-2	241702.0	222479.0	454871	18041
1920-3	264440.0	242284.0	512030	20133
1920-4	268716.0	246297.0	527260	20341
1921-1	155984.0	142760.0	305605	10983
1921-2	104728.0	96709.0	192217	7601
1921-3	164265.0	150451.0	320300	12398
1921-4	98350.0	90038.0	190565	7119
1921-5	171286.0	156463.0	336070	12785
1921-6	121399.0	111470.0	234946	8410
1921-7	243201.0	222473.0	483254	17308
1921-8	214735.0	197002.0	429596	14042
1921-9	245100.0	224587.0	493746	16974
1921-10	264200.0	242586.0	524441	18018
1921-11	237802.0	217692.0	475059	16639
1921-12	268055.0	244886.0	539386	18881
1922-1	212845.0	194672.0	420294	15790
1922-2	223031.0	202413.0	462461	18051
1922-3	224537.0	204966.0	448711	16431
1922-4	206520.0	187418.0	427205	15113
1922-5	217847.0	198440.0	443928	16657
1922-6	203251.0	185508.0	408528	14859
1922-7	225161.0	206609.0	439691	15996
1922-8	231528.0	213294.0	442131	15557
1922-9	199807.0	181583.0	414429	14674
1922-10	216437.0	197925.0	428237	15285
1922-11	137074.0	125654.0	262829	10395
1922-12	49470.0	44599.0	103419	3761
1923-1	224049.0	203717.0	462348	16821
1923-2	201305.0	185991.0	377851	13832
1923-3	239244.0	219587.0	465436	16798
1923-4	224346.0	204720.0	446845	17086
1923-5	240805.0	219094.0	491229	17632
1923-6	234406.0	214288.0	455846	17900
1923-7	234721.0	215070.0	455696	17279
1923-8	247756.0	227251.0	487437	17490
1923-9	237004.0	216507.0	481936	16754
1923-10	247109.0	226155.0	497077	17999
1923-11	250795.0	228242.0	515494	18382
1923-12	258195.0	236180.0	509956	18396
1924-1	240541.0	220654.0	462417	16634
1924-2	235041.0	215408.0	457024	16530
1924-3	259237.0	238287.0	498439	17802
1924-4	222603.0	204102.0	433747	15632
1924-5	248096.0	226653.0	493106	18234
1924-6	236063.0	215368.0	472404	17428
1924-7	241104.0	220172.0	481726	18617
1924-8	223347.0	203625.0	455877	15905
1924-9	235773.0	215484.0	473891	16307
1924-10	258042.0	236742.0	503586	17936
1924-11	253454.0	232856.0	487133	18152
1924-12	260995.0	240079.0	493664	18926
1925-1	253031.0	231627.0	489238	19385
1925-2	247582.0	226698.0	479562	18057
1925-3	274589.0	251319.0	531428	21048
1925-4	237518.0	217671.0	453937	18203
1925-5	247089.0	226753.0	473096	18066
1925-6	258446.0	236906.0	503340	19308
1925-7	257518.0	235466.0	505575	19158
1925-8	254091.0	234525.0	468471	17281
1925-9	240522.0	221022.0	458303	17606
1925-10	263977.0	242487.0	516226	17948
1925-11	261584.0	239351.0	511719	19438
1925-12	275308.0	251683.0	543924	20519
1926-1	277278.0	255247.0	525203	19599
1926-2	256290.0	235951.0	490361	17976
1926-3	307806.0	281759.0	604104	23489
1926-4	259899.0	239533.0	491802	18551
1926-5	283166.0	259783.0	547470	21246
1926-6	275620.0	253289.0	525420	20945
1926-7	249598.0	229977.0	476521	17419
1926-8	270505.0	249502.0	516155	18212
1926-9	254109.0	233737.0	501473	17656
1926-10	272818.0	250960.0	528028	18060
1926-11	267741.0	245507.0	528594	18710
1926-12	253812.0	232999.0	487097	18757
1927-1	255672.0	235008.0	491523	18526
1927-2	239189.0	220299.0	452785	16662
1927-3	269458.0	246939.0	521461	20615
1927-4	229187.0	210108.0	441939	17287
1927-5	255036.0	234545.0	483229	18478
1927-6	246648.0	227383.0	460122	17752
1927-7	235962.0	217139.0	451230	16629
1927-8	242727.0	223230.0	467151	16477
1927-9	247446.0	227362.0	482757	16993
1927-10	244080.0	225151.0	460546	16745
1927-11	234858.0	216322.0	449331	15991
1927-12	260612.0	240572.0	496991	17307
1928-1	222254.0	205056.0	425849	14845
1928-2	243021.0	224027.0	467923	16470
1928-3	268499.0	246630.0	522739	18902
1928-4	246946.0	227257.0	476037	16746
1928-5	264436.0	242757.0	517957	18826
1928-6	245772.0	225792.0	483139	16539
1928-7	255407.0	235214.0	493232	17688
1928-8	254403.0	234079.0	497223	16254
1928-9	249696.0	229083.0	498374	16912
1928-10	248732.0	228968.0	480106	16820
1928-11	242975.0	222733.0	483303	17327
1928-12	254434.0	233461.0	495002	18504
1929-1	253468.0	232384.0	499833	18391
1929-2	245567.0	224703.0	485692	18824
1929-3	258132.0	237639.0	492811	18506
1929-4	265179.0	244123.0	506852	18736
1929-5	275070.0	252093.0	548326	19931
1929-6	261205.0	238860.0	523598	19343
1929-7	256718.0	234915.0	521391	18655
1929-8	264671.0	242372.0	533974	17933
1929-9	246427.0	226280.0	489372	17053
1929-10	279506.0	257502.0	539228	19008
1929-11	320301.0	291651.0	662938	23243
1929-12	345257.0	315695.0	681022	26540
1930-1	365087.0	331411.0	754009	27986
1930-2	328329.0	297766.0	673767	26595
1930-3	323491.0	293325.0	666879	26174
1930-4	290126.0	264367.0	591253	23187
1930-5	319404.0	292199.0	636977	23342
1930-6	300849.0	274506.0	614790	21866
1930-7	313091.0	285334.0	641249	23020
1930-8	323754.0	296197.0	663917	22337
1930-9	307299.0	279754.0	646442	21685
1930-10	313230.0	285506.0	650961	22970
1930-11	311705.0	282984.0	659404	23583
1930-12	293886.0	266705.0	625223	22770
1931-1	307337.0	279826.0	637805	23376
1931-2	288474.0	262652.0	584445	22373
1931-3	283174.0	257910.0	584469	23044
1931-4	290995.0	265496.0	584926	21874
1931-5	275649.0	251377.0	572042	20634
1931-6	293218.0	267367.0	599022	21548
1931-7	296726.0	270793.0	590974	22263
1931-8	299415.0	272729.0	620951	21146
1931-9	305196.0	278615.0	621080	22007
1931-10	314657.0	286533.0	639369	22965
1931-11	309054.0	280685.0	643740	23720
1931-12	305603.0	277951.0	620508	24655
1932-1	271929.0	247563.0	546305	21288
1932-2	282267.0	255128.0	575575	26047
1932-3	297165.0	270255.0	588034	26027
1932-4	268375.0	242929.0	551422	22960
1932-5	289005.0	263313.0	597273	22631
1932-6	277537.0	253206.0	574910	19977
1932-7	316908.0	288822.0	673131	21639
1932-8	291192.0	265999.0	601044	19262
1932-9	304448.0	277769.0	627316	21535
1932-10	303288.0	277177.0	613946	22226
1932-11	308732.0	280076.0	644383	24358
1932-12	295724.0	268332.0	622681	22951
1933-1	298757.0	272112.0	617324	22581
1933-2	281933.0	256876.0	576977	21796
1933-3	297678.0	271721.0	616126	21288
1933-4	271905.0	247478.0	570694	19676
1933-5	304073.0	276873.0	641187	22231
1933-6	300801.0	275544.0	613421	21292
1933-7	292563.0	267744.0	595041	19938
1933-8	300913.0	274980.0	624837	20275
1933-9	301126.0	274353.0	626650	20615
1933-10	310122.0	283147.0	633012	22090
1933-11	310587.0	283206.0	635432	21836
1933-12	299768.0	272708.0	621925	22853
1934-1	302114.0	275981.0	629606	20241
1934-2	285800.0	260498.0	609708	19713
1934-3	318145.0	291187.0	651304	22310
1934-4	312388.0	284905.0	650943	22271
1934-5	312026.0	285011.0	653275	21739
1934-6	317125.0	290684.0	638128	21812
1934-7	316469.0	288713.0	655321	22455
1934-8	299947.0	274374.0	624264	20045
1934-9	296269.0	270590.0	619510	19797
1934-10	324486.0	297392.0	664201	21278
1934-11	310904.0	283882.0	647848	21461
1934-12	323016.0	295674.0	661444	22024
1935-1	294787.0	269462.0	616953	19377
1935-2	289430.0	265716.0	579939	19198
1935-3	300934.0	275384.0	619775	21113
1935-4	287187.0	262533.0	586313	20127
1935-5	291959.0	267185.0	606703	20069
1935-6	276049.0	252136.0	574614	19354
1935-7	301583.0	277312.0	605018	19856
1935-8	282839.0	259477.0	580525	18234
1935-9	300111.0	273680.0	630232	20334
1935-10	294176.0	268412.0	618724	19659
1935-11	289001.0	264069.0	599407	19985
1935-12	290693.0	266058.0	595730	20527
1936-7	304889.0	278866.0	631910	20580
1936-8	245686.0	223986.0	515999	16406
1936-9	298899.0	273887.0	607270	20963
1936-10	306996.0	280351.0	639685	21200
1936-11	299507.0	272601.0	635228	21723
1936-12	303271.0	276543.0	640487	21581
1937-1	290816.0	265731.0	574963	22984
1937-2	287177.0	262353.0	571112	22171
1937-3	315698.0	287726.0	641809	24605
1937-4	310647.0	283389.0	630939	23425
1937-5	311299.0	284387.0	636569	23347
1937-6	301896.0	275029.0	615055	23363
1937-7	269035.0	245799.0	559538	18948
1937-8	273588.0	249345.0	578301	19208
1937-9	284493.0	261458.0	576777	19042
1937-10	292510.0	268424.0	588800	19508
1937-11	285134.0	261539.0	579016	19390
1937-12	252650.0	230821.0	521327	18553
1938-1	266023.0	243868.0	542715	18224
1938-2	250697.0	229216.0	515848	17458
1938-3	294341.0	269192.0	598242	20903
1938-4	289662.0	264418.0	589304	21537
1938-5	270465.0	246907.0	552535	20867
1938-6	266476.0	242834.0	543186	20755
1938-7	251533.0	230477.0	513892	17797
1938-8	300368.0	275271.0	609212	22177
1938-9	279322.0	254171.0	586713	21144
1938-10	275645.0	251706.0	565191	20088
1938-11	274810.0	251271.0	564892	19014
1938-12	262188.0	239161.0	545658	19424
1939-1	303533.0	278234.0	602405	22163
1939-2	257283.0	236008.0	507846	18673
1939-3	273078.0	248667.0	561730	20073
1939-4	266423.0	243704.0	535148	18461
1939-5	279563.0	255771.0	568406	19971
1939-6	294518.0	268934.0	606285	21397
1939-7	277246.0	254472.0	554521	19159
1939-8	277368.0	253733.0	563242	18927
1939-9	213395.0	194893.0	432212	13523
1939-10	227738.0	208588.0	454686	14766
1939-11	231817.0	211650.0	472381	15547
1939-12	234437.0	213921.0	487228	16341
1940-1	224494.0	205609.0	456106	14718
1940-2	230807.0	211453.0	467403	14955
1940-3	244546.0	223837.0	496896	16279
1940-4	226736.0	207155.0	466615	15363
1940-5	238914.0	218138.0	497684	14736
1940-6	212372.0	193292.0	454486	13662
1940-7	245589.0	225115.0	495674	15725
1940-8	235894.0	215515.0	487102	14625
1940-9	220038.0	199821.0	470415	14842
1940-10	241655.0	221150.0	491617	16259
1940-11	219712.0	199693.0	462981	14944
1940-12	203018.0	184765.0	426434	13964
1941-1	241499.0	219895.0	501335	16682
1941-2	234730.0	214446.0	474752	16104
1941-3	264602.0	240628.0	539336	19269
1941-4	256666.0	233387.0	525842	18631
1941-5	267558.0	243253.0	554614	18786
1941-6	253441.0	230724.0	535518	16486
1941-7	250706.0	228370.0	519150	16704
1941-8	239696.0	217812.0	499328	16786
1941-9	243996.0	220982.0	504990	18292
1941-10	232059.0	210068.0	484257	17909
1941-11	238303.0	216142.0	500814	17772
1941-12	224033.0	203026.0	471200	17323
1942-1	250572.0	227574.0	522455	17688
1942-2	236436.0	215237.0	488721	16507
1942-3	281689.0	255697.0	585564	19786
1942-4	274310.0	249391.0	568072	18936
1942-5	278440.0	253457.0	569947	19710
1942-6	273421.0	248238.0	557042	21396
1942-7	274468.0	249515.0	570780	19111
1942-8	251679.0	228253.0	535278	17542
1942-9	273704.0	248775.0	573290	18482
1942-10	266146.0	242310.0	555174	17698
1942-11	252002.0	228688.0	531585	17342
1942-12	267538.0	243550.0	557159	18882
1943-1	205330.0	187141.0	423400	13859
1943-2	234036.0	213144.0	487712	16199
1943-3	271091.0	246550.0	561852	18891
1943-4	241545.0	219270.0	505637	17482
1943-5	257714.0	234448.0	532572	18600
1943-6	265399.0	241620.0	539380	20293
1943-7	287662.0	261131.0	591940	21858
1943-8	266317.0	242155.0	540920	19608
1943-9	292832.0	265449.0	610348	21477
1943-10	304521.0	276787.0	615730	22881
1943-11	324960.0	295686.0	660877	23806
1943-12	332427.0	302642.0	684870	24362
1944-1	286330.0	261265.0	581945	20230
1944-2	308119.0	280740.0	626246	22205
1944-3	337558.0	306946.0	685161	25660
1944-4	267761.0	243599.0	542911	19922
1944-5	317738.0	288853.0	657434	23164
1944-6	308443.0	280068.0	644176	22759
1944-7	278601.0	252960.0	569665	21456
1944-8	298587.0	269746.0	627806	23972
1944-9	305362.0	276420.0	623620	25995
1944-10	307727.0	278897.0	624389	25528
1944-11	315893.0	285631.0	651632	27595
1944-12	254405.0	229899.0	522207	22237
1945-1	285864.0	259297.0	597712	21315
1945-2	315514.0	285661.0	661691	23339
1945-3	333245.0	302584.0	682776	25043
1945-4	289805.0	263164.0	599826	22034
1945-5	270089.0	245353.0	550555	20379
1945-6	276423.0	251587.0	565785	19373
1945-7	247270.0	225126.0	503563	18147
1945-8	241304.0	219324.0	500003	17162
1945-9	204068.0	186221.0	411104	14293
1945-10	255944.0	233322.0	517734	18646
1945-11	304159.0	276572.0	617478	22692
1945-12	347061.0	316909.0	691680	25951
1946-1	292880.0	267197.0	599828	20157
1946-2	311884.0	283896.0	654499	21493
1946-3	344963.0	312133.0	727901	26231
1946-4	328008.0	298310.0	680791	25214
1946-5	365568.0	332095.0	765244	26802
1946-6	338344.0	306844.0	716255	24504
1946-7	350731.0	317197.0	762643	25940
1946-8	327764.0	296279.0	705782	24099
1946-9	342507.0	308394.0	742016	26872
1946-10	378978.0	342314.0	809977	28588
1946-11	344747.0	311269.0	732773	26804
1946-12	303967.0	275400.0	637024	22978
1947-1	221639.0	200965.0	466975	15716
1947-2	233006.0	210787.0	498133	17622
1947-3	263888.0	239028.0	558338	20430
1947-4	290762.0	263346.0	607850	23160
1947-5	322627.0	291844.0	675780	26671
1947-6	298739.0	269664.0	633148	24080
1947-7	253859.0	229672.0	539281	20215
1947-8	283494.0	255810.0	605198	22313
1947-9	286675.0	258837.0	602246	23858
1947-10	341016.0	307253.0	717726	29260
1947-11	215694.0	194454.0	452255	18226
1947-12	262332.0	237558.0	543459	21516
1948-1	321351.0	289556.0	707616	24748
1948-2	287007.0	259857.0	612975	21991
1948-3	320044.0	289615.0	677921	25389
1948-4	308038.0	278226.0	646870	25002
1948-5	303828.0	275738.0	626664	25434
1948-6	322486.0	292173.0	677333	25830
1948-7	299969.0	272582.0	638615	22213
1948-8	247402.0	224673.0	519160	18600
1948-9	312761.0	283556.0	657833	24361
1948-10	305818.0	277933.0	646369	23548
1948-11	321380.0	291929.0	670511	24205
1948-12	317019.0	288389.0	667080	24033
1949-1	230020.0	209452.0	481021	17191
1949-2	269458.0	244937.0	565922	21527
1949-3	313288.0	284191.0	663529	24010
1949-4	282759.0	255773.0	605300	22647
1949-5	284878.0	258842.0	601594	21013
1949-6	312908.0	284827.0	657381	22780
1949-7	335883.0	305677.0	716156	24396
1949-8	338772.0	307034.0	738695	23176
1949-9	296829.0	269971.0	637415	20163
1949-10	331736.0	301979.0	704794	23652
1949-11	313834.0	285004.0	675607	21862
1949-12	350623.0	318730.0	751813	24766
1950-1	281323.0	256407.0	597127	19874
1950-2	300146.0	272648.0	641021	21510
1950-3	335940.0	305830.0	698676	25166
1950-4	294197.0	267562.0	608558	22580
1950-5	305999.0	277937.0	637767	22861
1950-6	327011.0	297492.0	678391	24475
1950-7	304930.0	278097.0	637805	21897
1950-8	274345.0	250056.0	578047	19527
1950-9	297814.0	271723.0	609710	21381
1950-10	342888.0	313359.0	702706	23569
1950-11	325383.0	297211.0	674856	22456
1950-12	337688.0	308527.0	696562	23867
1951-1	228234.0	208451.0	466384	15728
1951-2	264901.0	242959.0	526235	18475
1951-3	229506.0	210119.0	459024	16538
1951-4	277818.0	254448.0	565047	19494
1951-5	249085.0	228100.0	501105	17937
1951-6	262169.0	239573.0	536294	19005
1951-7	231654.0	212496.0	475089	15261
1951-8	274750.0	251333.0	566051	18359
1951-9	248183.0	227004.0	516345	16520
1951-10	270659.0	247658.0	558259	18097
1951-11	229822.0	210579.0	469756	15793
1951-12	312938.0	286618.0	641945	21062
1952-1	250105.0	229177.0	511894	17172
1952-2	232293.0	212937.0	473342	15082
1952-3	268178.0	245522.0	556217	18150
1952-4	234179.0	214305.0	485663	16518
1952-5	258502.0	235855.0	545868	18905
1952-6	283213.0	258595.0	596489	22900
1952-7	245976.0	225201.0	508355	17241
1952-8	245786.0	224548.0	504441	17939
1952-9	272510.0	248184.0	562989	20087
1952-10	275170.0	252217.0	549474	20486
1952-11	308449.0	282389.0	623799	22638
1952-12	250725.0	229313.0	510014	18601
1953-1	260296.0	238179.0	525890	19147
1953-2	246914.0	225827.0	509059	17510
1953-3	279544.0	255444.0	579580	20659
1953-4	226838.0	206329.0	480996	17253
1953-5	260178.0	237419.0	536363	19603
1953-6	248413.0	227114.0	508027	18349
1953-7	282552.0	258849.0	580912	20224
1953-8	303172.0	276351.0	636092	21960
1953-9	287029.0	262252.0	588990	19567
1953-10	313554.0	286726.0	639304	22022
1953-11	280192.0	255791.0	586411	19107
1953-12	311347.0	284298.0	649193	22685
1954-1	251105.0	229035.0	524130	17971
1954-2	262535.0	239304.0	550323	18510
1954-3	353062.0	322097.0	733130	25495
1954-4	283325.0	259004.0	588153	20526
1954-5	327145.0	299109.0	670714	23859
1954-6	286332.0	261911.0	590920	20577
1954-7	285655.0	261139.0	591325	20546
1954-8	324261.0	295691.0	677299	23045
1954-9	294854.0	269684.0	610500	20180
1954-10	315277.0	288214.0	652451	21629
1954-11	328834.0	300658.0	676481	23123
1954-12	351334.0	321313.0	720467	24013
1955-1	300854.0	275097.0	614926	21790
1955-2	253943.0	232332.0	519039	18009
1955-3	349854.0	319728.0	725292	23996
1955-4	281850.0	257831.0	576562	19422
1955-5	284549.0	260203.0	581334	19699
1955-6	294541.0	269095.0	600718	21006
1955-7	276761.0	252576.0	571720	19817
1955-8	307046.0	279777.0	644079	21600
1955-9	287078.0	262318.0	589770	20004
1955-10	321453.0	294004.0	655903	22250
1955-11	287718.0	263113.0	586458	20444
1955-12	302432.0	277647.0	601885	21077
1956-1	185771.0	170220.0	369971	12737
1956-2	195655.0	178673.0	399845	13960
1956-3	207202.0	189582.0	421122	15013
1956-4	154841.0	141462.0	318221	10844
1956-5	273709.0	249849.0	567568	19104
1956-6	354735.0	325308.0	719728	23713
1956-7	267688.0	243723.0	567406	18390
1956-8	302510.0	275696.0	638111	21034
1956-9	266434.0	243106.0	556377	17756
1956-10	284440.0	260572.0	587891	18903
1956-11	306918.0	280278.0	633033	21304
1956-12	309420.0	282324.0	645932	21091
1957-1	300074.0	274659.0	617140	21002
1957-2	325721.0	296918.0	681809	22612
1957-3	353156.0	322110.0	725151	26195
1957-4	291118.0	266924.0	582569	21022
1957-5	352141.0	320890.0	722250	25589
1957-6	312814.0	286261.0	636908	21402
1957-7	303404.0	278040.0	617179	20825
1957-8	263654.0	241043.0	541754	17239
1957-9	323426.0	295736.0	666846	21322
1957-10	321095.0	294634.0	646908	22280
1957-11	323563.0	295666.0	666772	22729
1957-12	302018.0	277181.0	605549	20004
1958-1	282116.0	258749.0	571685	19160
1958-2	288170.0	263571.0	595645	19985
1958-3	326061.0	298404.0	668630	22814
1958-4	290773.0	265900.0	585710	21166
1958-5	291105.0	266102.0	597979	20906
1958-6	301675.0	276013.0	624993	22026
1958-7	315505.0	288805.0	654802	22326
1958-8	282904.0	258956.0	580777	19590
1958-9	341022.0	311824.0	702688	23185
1958-10	313984.0	287412.0	641739	21226
1958-11	291187.0	265956.0	601695	20769
1958-12	325359.0	298014.0	664770	21993
1959-1	266761.0	244743.0	544427	17972
1959-2	262979.0	240284.0	545656	17877
1959-3	315095.0	287308.0	663381	22342
1959-4	305719.0	279898.0	622824	21763
1959-5	299606.0	274059.0	613486	22068
1959-6	297337.0	272480.0	607841	20753
1959-7	322482.0	293925.0	673222	22609
1959-8	263337.0	241276.0	534070	18286
1959-9	299305.0	273649.0	619628	21217
1959-10	308920.0	282917.0	627366	21611
1959-11	322546.0	295649.0	658602	22269
1959-12	326209.0	299181.0	654933	22285
1960-1	325627.0	298745.0	654831	27866
1960-2	358980.0	328223.0	738463	32971
1960-3	405534.0	370855.0	831083	35530
1960-4	374725.0	341977.0	773758	31924
1960-5	372659.0	340534.0	767885	31768
1960-6	364018.0	332334.0	748193	30705
1960-7	360113.0	329046.0	746715	31282
1960-8	375683.0	343370.0	773506	32383
1960-9	372566.0	341436.0	756046	31763
1960-10	411720.0	376487.0	848248	37776
1960-11	398530.0	364150.0	828795	35016
1960-12	446680.0	407712.0	923932	38391
1961-1	360484.0	330542.0	731204	29918
1961-2	345350.0	315613.0	710125	29707
1961-3	426532.0	389538.0	882447	35294
1961-4	386793.0	353460.0	799202	30756
1961-5	400643.0	366388.0	824820	32939
1961-6	389931.0	356194.0	801090	32975
1961-7	387776.0	354574.0	796204	32134
1961-8	360412.0	329703.0	737433	30426
1961-9	374226.0	342369.0	766211	31403
1961-10	389830.0	356281.0	791250	32581
1961-11	408125.0	372976.0	843657	35783
1961-12	406668.0	371614.0	837376	34557
1962-1	356241.0	326715.0	715159	27848
1962-2	352049.0	321954.0	721301	28300
1962-3	418031.0	381460.0	867512	33095
1962-4	342172.0	313254.0	700087	28034
1962-5	388533.0	355403.0	797138	30790
1962-6	387978.0	354521.0	799125	31036
1962-7	324127.0	296921.0	659319	25260
1962-8	289065.0	264428.0	593245	23180
1962-9	338337.0	308490.0	702652	27637
1962-10	302656.0	277283.0	613197	23688
1962-11	359092.0	327313.0	752830	30830
1962-12	357189.0	326542.0	738435	30624
1963-1	274178.0	251478.0	554818	21931
1963-2	292773.0	268671.0	584419	22287
1963-3	356826.0	326317.0	730754	28420
1963-4	246264.0	226479.0	485483	18861
1963-5	281445.0	258355.0	556154	21255
1963-6	261041.0	239424.0	522891	20111
1963-7	381674.0	349298.0	765952	31470
1963-8	400931.0	366946.0	812076	31936
1963-9	370411.0	337929.0	758915	28672
1963-10	409519.0	374916.0	825554	31644
1963-11	433779.0	396668.0	884708	34060
1963-12	423337.0	387008.0	862551	33056
1964-1	390905.0	358331.0	791819	29985
1964-2	411777.0	376833.0	841548	32488
1964-3	392003.0	359581.0	790787	30896
1964-4	401858.0	367731.0	823985	31273
1964-5	370429.0	338761.0	757077	30318
1964-6	386334.0	354613.0	779026	32444
1964-7	446948.0	406929.0	946167	37674
1964-8	384457.0	351424.0	796673	33239
1964-9	360595.0	328764.0	747931	31290
1964-10	433832.0	395815.0	892902	37134
1964-11	398950.0	364972.0	817524	33549
1964-12	412088.0	376280.0	851179	34258
1965-1	235815.0	215419.0	479349	19028
1965-2	87552.0	80092.0	180724	7098
1965-3	183509.0	166947.0	385551	14540
1965-4	187205.0	170391.0	388676	14583
1965-5	145136.0	132552.0	296076	12389
1965-6	129742.0	118612.0	265380	10299
1965-7	397857.0	364492.0	809318	31163
1965-8	370675.0	339338.0	754384	29387
1965-9	401482.0	365408.0	841274	31359
1965-10	388926.0	355847.0	796229	32365
1965-11	408013.0	372834.0	836105	33815
1965-12	415458.0	380655.0	843150	33449
1966-1	371941.0	340073.0	766369	33119
1966-2	361324.0	330425.0	741719	33020
1966-3	444579.0	405400.0	922809	38750
1966-4	351314.0	320591.0	728757	32846
1966-5	376564.0	344395.0	775770	36936
1966-6	390505.0	357221.0	796539	34054
1966-7	379864.0	345974.0	787102	29613
1966-8	330862.0	302475.0	679944	25337
1966-9	445463.0	410572.0	881869	30105
1966-10	441325.0	406087.0	873343	30591
1966-11	303592.0	279960.0	592989	21448
1966-12	359269.0	330734.0	705796	25520
1967-1	384198.0	353537.0	762814	26943
1967-2	393847.0	363851.0	758042	28145
1967-3	408241.0	376700.0	793546	28990
1967-4	305177.0	281550.0	590973	21950
1967-5	283111.0	260772.0	552592	20128
1967-6	310034.0	286773.0	593385	21361
1967-7	332926.0	307461.0	656204	24630
1967-8	292942.0	270219.0	572697	21871
1967-9	255870.0	235919.0	496483	17280
1967-10	283232.0	262432.0	537081	19785
1967-11	223523.0	207229.0	422116	15234
1967-12	262786.0	243603.0	496818	17858
1968-1	194738.0	179639.0	380658	13818
1968-2	52222.0	48106.0	102984	3810
1968-3	203025.0	187243.0	394695	14552
1968-4	250061.0	231201.0	479794	17271
1968-5	287258.0	265222.0	555760	19543
1968-6	224470.0	207689.0	429345	15127
1968-7	262519.0	242321.0	505396	18282
1968-8	286243.0	264371.0	553908	20918
1968-9	251276.0	231723.0	488571	17226
1968-10	254267.0	234701.0	496013	17845
1968-11	263279.0	242832.0	514847	18608
1968-12	191388.0	176525.0	372356	13085
1969-1	118488.0	109486.0	228843	8073
1969-2	120420.0	111136.0	235437	8281
1969-3	178801.0	165165.0	343090	12451
1969-4	278462.0	257172.0	541608	19256
1969-5	317693.0	293136.0	620625	22143
1969-6	275137.0	253563.0	545213	18753
1969-7	328735.0	303099.0	646723	22980
1969-8	326107.0	299841.0	657068	22958
1969-9	362006.0	332997.0	721824	25127
1969-10	324105.0	298772.0	635499	22406
1969-11	296323.0	272551.0	586488	20447
1969-12	278292.0	256313.0	549998	19496
1970-1	349197.0	321326.0	689671	24738
1970-2	341251.0	313386.0	681493	23657
1970-3	321347.0	295988.0	636907	21976
1970-4	420774.0	388074.0	828988	29323
1970-5	408649.0	376550.0	810393	28750
1970-6	424191.0	390472.0	842930	29072
1970-7	312192.0	288015.0	607612	21659
1970-8	285707.0	263611.0	555571	20299
1970-9	286111.0	262700.0	575941	19727
1970-10	377497.0	347392.0	755209	26791
1970-11	341887.0	315102.0	682984	23452
1970-12	296425.0	273110.0	589359	20498
1971-1	172974.0	159601.0	340226	11504
1971-2	143305.0	132093.0	284769	9834
1971-3	156044.0	144054.0	305095	10636
1971-4	343623.0	316870.0	677491	23558
1971-5	319663.0	294928.0	623673	21626
1971-6	321597.0	296423.0	640965	21855
1971-7	280620.0	258950.0	553677	19706
1971-8	206233.0	190452.0	399964	13605
1971-9	252400.0	232348.0	497718	17082
1971-10	292506.0	268954.0	581215	19830
1971-11	189154.0	175012.0	365148	12620
1971-12	253635.0	234154.0	496590	17074
1972-1	222456.0	205397.0	435184	14789
1972-2	242058.0	223697.0	470277	16394
1972-3	266070.0	245801.0	520503	17658
1972-4	225317.0	208067.0	440904	15480
1972-5	221822.0	205006.0	433565	15201
1972-6	218221.0	201762.0	423562	14366
1972-7	202807.0	187493.0	397322	13953
1972-8	197766.0	183026.0	381627	13089
1972-9	269734.0	249003.0	528764	17034
1972-10	225545.0	208537.0	437706	15115
1972-11	250297.0	231212.0	486405	16938
1972-12	236237.0	217969.0	466582	16546
1973-1	310549.0	286637.0	618863	21976
1973-2	320300.0	294758.0	642422	22107
1973-3	354266.0	326477.0	707969	24236
1973-4	236115.0	218445.0	459050	15843
1973-5	266848.0	246834.0	520009	18088
1973-6	280892.0	259472.0	551462	19798
1973-7	182608.0	168701.0	357493	11874
1973-8	169214.0	156301.0	334218	11248
1973-9	226029.0	208622.0	442851	15266
1973-10	355538.0	327486.0	706662	24391
1973-11	335723.0	309170.0	669543	22101
1973-12	320102.0	294755.0	638452	21486
1974-1	288150.0	265853.0	567954	20240
1974-2	253733.0	233932.0	511467	19316
1974-3	290935.0	268130.0	582010	20068
1974-4	282649.0	260831.0	563698	18487
1974-5	266917.0	245958.0	534157	17799
1974-6	237276.0	218348.0	479239	16249
1974-7	304613.0	280860.0	608967	20309
1974-8	254850.0	234577.0	509864	17815
1974-9	224092.0	206359.0	443502	15304
1974-10	195996.0	180419.0	385635	13431
1974-11	195611.0	180667.0	377972	13285
1974-12	213614.0	197092.0	418470	14782
1975-1	308113.0	283556.0	611306	22240
1975-2	305385.0	281712.0	604085	21050
1975-3	310236.0	285875.0	616752	20510
1975-4	318409.0	293626.0	630189	21971
1975-5	330204.0	304143.0	655712	23018
1975-6	298591.0	275087.0	591562	20933
1975-7	233867.0	215563.0	462286	16156
1975-8	176958.0	163103.0	348009	12330
1975-9	232619.0	214520.0	451772	15608
1975-10	242801.0	223978.0	476631	16997
1975-11	209274.0	192968.0	412440	15021
1975-12	218671.0	201907.0	425662	14934
1976-1	257505.0	237263.0	508267	18013
1976-2	216132.0	199224.0	425459	14908
1976-3	263586.0	242971.0	525577	17945
1976-4	256191.0	235954.0	508463	18501
1976-5	262215.0	242059.0	517610	18014
1976-6	287224.0	264523.0	572484	19716
1976-10	379724.0	349613.0	755280	26520
1976-11	351397.0	323688.0	693495	24249
1976-12	357598.0	329989.0	705653	24099
1977-1	201647.0	185589.0	403749	14075
1977-2	222756.0	205204.0	437609	15603
1977-3	192793.0	177575.0	383463	13346
1977-4	145941.0	134452.0	285154	10535
1977-5	272288.0	251364.0	529914	19367
1977-6	185040.0	170981.0	361090	12566
1977-7	181301.0	167540.0	355839	11878
1977-8	206843.0	190848.0	403438	13753
1977-9	158028.0	146029.0	307104	10369
1977-10	163962.0	151345.0	318367	10993
1977-11	212916.0	196155.0	420049	14086
1977-12	171931.0	158541.0	337478	11463
1978-1	346047.0	319513.0	673702	23511
1978-2	337695.0	311526.0	662294	23253
1978-3	330443.0	305000.0	646812	22160
1978-4	385953.0	356376.0	763901	26127
1978-5	367109.0	339113.0	724521	24815
1978-6	396307.0	366070.0	785594	26512
1978-7	344378.0	318007.0	679273	22900
1978-8	352931.0	325458.0	707513	23723
1978-9	385703.0	355783.0	768649	25036
1978-10	342394.0	315825.0	677022	22538
1978-11	346225.0	319435.0	689101	23241
1978-12	357126.0	330286.0	695055	23018
1979-1	304125.0	280629.0	602611	20677
1979-2	315789.0	291415.0	623399	21159
1979-3	364811.0	337024.0	715691	24133
1979-4	305068.0	281887.0	603094	20064
1979-5	325983.0	300149.0	657978	22008
1979-6	311731.0	287672.0	616511	20099
1979-7	287427.0	265940.0	563688	19218
1979-8	294218.0	272130.0	571336	18862
1979-9	311448.0	286892.0	619161	20783
1979-10	340998.0	314321.0	679217	23210
1979-11	307368.0	283811.0	605663	20852
1979-12	302566.0	279745.0	588366	19865
1980-1	277746.0	256760.0	544101	19234
1980-2	298785.0	276151.0	582383	20088
1980-3	346702.0	321350.0	669302	23158
1980-4	294148.0	272049.0	569746	19324
1980-5	348944.0	322825.0	682897	23406
1980-6	320013.0	295983.0	622013	22037
1980-7	281692.0	260767.0	543307	18686
1980-8	260097.0	240972.0	502070	17123
1980-9	316403.0	293192.0	609867	20744
1980-10	361189.0	334228.0	702891	24094
1980-11	282795.0	261605.0	548362	18253
1980-12	300515.0	278044.0	583175	19607
