1826-1	4763.0	4401.0	8181	389
1826-2	6397.0	5933.0	11268	461
1826-3	9504.0	8811.0	17013	689
1826-4	5301.0	4903.0	9266	339
1826-5	5395.0	5009.0	9978	335
1826-6	7463.0	6898.0	13672	453
1826-7	6803.0	6310.0	12875	438
1826-8	8583.0	7908.0	15851	604
1826-9	6275.0	5770.0	12001	502
1826-10	5432.0	4965.0	10144	421
1826-11	7276.0	6794.0	13731	482
1826-12	6333.0	5820.0	11833	444
1827-1	6728.0	6242.0	12454	463
1827-2	6569.0	6090.0	12089	449
1827-3	5875.0	5456.0	10752	406
1827-4	6502.0	5978.0	12943	477
1827-5	6014.0	5558.0	11498	449
1827-6	4692.0	4339.0	8710	338
1827-7	5100.0	4709.0	9634	352
1827-8	7038.0	6549.0	13019	499
1827-9	5205.0	4841.0	9378	357
1827-10	5077.0	4694.0	9638	417
1827-11	7189.0	6637.0	13035	640
1827-12	4823.0	4475.0	8628	370
1828-1	7193.0	6591.0	13962	600
1828-2	7638.0	7016.0	14497	597
1828-3	3673.0	3373.0	6531	299
1828-4	5285.0	4866.0	9702	480
1828-5	6884.0	6286.0	12992	549
1828-6	7420.0	6908.0	13910	546
1828-7	7241.0	6672.0	12589	573
1828-8	6416.0	5947.0	11678	415
1828-9	4569.0	4221.0	8524	310
1828-10	7715.0	7126.0	14067	501
1828-11	7110.0	6612.0	13074	523
1828-12	7747.0	7172.0	14285	526
1829-1	7396.0	6811.0	13649	612
1829-2	6872.0	6327.0	12632	528
1829-3	6309.0	5858.0	11697	419
1829-4	8218.0	7627.0	15271	551
1829-5	6112.0	5688.0	11423	398
1829-6	8850.0	8248.0	15395	559
1829-7	9575.0	8955.0	16149	612
1829-8	10028.0	9378.0	17262	597
1829-9	9806.0	9079.0	17822	631
1829-10	11339.0	10518.0	19678	833
1829-11	8680.0	8070.0	15263	563
1829-12	9558.0	8952.0	15695	598
1830-1	9465.0	8766.0	16798	674
1830-2	11254.0	10454.0	20113	768
1830-3	12890.0	11946.0	23693	1019
1830-4	13429.0	12436.0	24175	976
1830-5	8589.0	7940.0	15778	592
1830-6	8980.0	8316.0	16232	656
1830-7	13301.0	12278.0	24404	882
1830-8	11038.0	10211.0	20355	809
1830-9	8053.0	7448.0	14778	546
1830-10	12318.0	11405.0	22491	808
1830-11	8429.0	7780.0	15333	643
1830-12	12518.0	11497.0	23762	923
1831-1	9027.0	8341.0	16896	643
1831-2	11926.0	11009.0	21806	771
1831-3	13309.0	12344.0	24602	857
1831-4	10546.0	9815.0	18351	676
1831-5	7117.0	6613.0	12510	442
1831-6	15935.0	14923.0	27259	958
1831-7	11844.0	10985.0	20994	735
1831-8	12191.0	11423.0	21053	743
1831-9	18087.0	16915.0	31482	1088
1831-10	14281.0	13292.0	25532	970
1831-11	15305.0	14256.0	27266	980
1831-12	13782.0	12810.0	24186	857
1832-1	21847.0	20529.0	35051	1390
1832-2	22699.0	21256.0	37031	1502
1832-3	25345.0	23686.0	41786	1984
1832-4	22575.0	21009.0	37397	1755
1832-5	27426.0	25579.0	44363	2105
1832-6	24208.0	22605.0	39662	1983
1832-7	25976.0	24077.0	42869	2345
1832-8	28407.0	26504.0	46081	2304
1832-9	24817.0	23327.0	39514	1668
1832-10	25717.0	24065.0	41075	1862
1832-11	23592.0	22052.0	38218	1778
1832-12	24796.0	23229.0	39329	1849
1833-1	24684.0	23143.0	39728	1877
1833-2	22194.0	20782.0	35219	1732
1833-3	23631.0	22116.0	37999	1905
1833-4	19443.0	18106.0	31277	1498
1833-5	27107.0	25244.0	44031	2271
1833-6	27171.0	25256.0	44778	2258
1833-7	25432.0	23575.0	41569	2385
1833-8	25440.0	23542.0	44506	2270
1833-9	21156.0	19747.0	35171	1709
1833-10	26154.0	24451.0	42634	1862
1833-11	25565.0	23802.0	40856	2006
1833-12	29254.0	27350.0	47200	2146
1834-1	68022.0	63477.0	112185	5087
1834-2	61850.0	57587.0	103990	4963
1834-3	71201.0	66291.0	119871	5408
1834-4	62097.0	57583.0	102955	5783
1834-5	82945.0	77123.0	134907	7457
1834-6	56998.0	52967.0	93436	5027
1834-7	28849.0	26970.0	48013	2199
1834-8	33554.0	31023.0	56667	3141
1834-9	39124.0	36433.0	64585	3318
1834-10	44797.0	41816.0	73110	3794
1834-11	44619.0	41610.0	74245	3333
1834-12	47663.0	44474.0	80267	3450
1835-1	36982.0	34739.0	59746	2912
1835-2	30396.0	28382.0	49811	2466
1835-3	40239.0	37622.0	65016	3396
1835-4	44972.0	41976.0	74213	3718
1835-5	35645.0	33139.0	61375	2491
1835-11	27747.0	25808.0	47271	1882
1835-12	38816.0	36251.0	66279	2773
1836-1	18138.0	16896.0	30467	1168
1836-2	14475.0	13499.0	23535	1103
1836-3	20652.0	19345.0	35377	1392
1836-4	20475.0	19121.0	34722	1376
1836-5	20952.0	19499.0	34887	1495
1836-6	20698.0	19301.0	33198	1445
1836-7	16938.0	15707.0	27552	1381
1836-8	1580.0	1491.0	2369	109
1838-3	11342.0	10515.0	20245	777
1838-4	9089.0	8535.0	14710	665
1838-5	12273.0	11535.0	19477	828
1838-6	11160.0	10372.0	19088	737
1838-7	10497.0	9787.0	17791	832
1838-8	9158.0	8493.0	16222	745
1838-9	10164.0	9536.0	17185	717
1838-10	9410.0	8737.0	16403	667
1838-11	10352.0	9663.0	17172	723
1838-12	6890.0	6439.0	11375	443
1839-1	21978.0	20683.0	34875	1570
1839-2	18786.0	17621.0	29630	1434
1839-3	24826.0	23343.0	39283	1836
1839-4	18043.0	16982.0	28306	1425
1839-5	23418.0	21943.0	37878	1811
1839-6	23429.0	22121.0	36790	1530
1839-7	24576.0	23240.0	38039	1747
1839-8	21721.0	20364.0	35006	1773
1839-9	21619.0	20317.0	34931	1555
1839-10	20268.0	19015.0	32783	1570
1839-11	25199.0	23606.0	40115	1812
1839-12	21431.0	20044.0	35416	1559
1840-1	29828.0	27916.0	48873	2198
1840-2	30384.0	28579.0	48835	2081
1840-3	30422.0	28625.0	48369	2225
1840-4	32593.0	30732.0	50877	2140
1840-5	30304.0	28432.0	48188	1989
1840-6	32098.0	30253.0	51288	2169
1840-7	31332.0	29647.0	48700	1919
1840-8	34958.0	32889.0	56130	2219
1840-9	28900.0	27228.0	45906	1851
1840-10	38235.0	35844.0	61550	2815
1840-11	30969.0	29078.0	49404	2218
1840-12	34361.0	32322.0	55707	2347
1841-1	32135.0	30215.0	50998	2435
1841-2	34221.0	32000.0	54541	2719
1841-3	39186.0	36788.0	61493	3089
1841-4	37641.0	35355.0	58165	2853
1841-5	36180.0	33974.0	57219	2684
1841-6	39527.0	37232.0	62048	2808
1841-7	40406.0	38057.0	61809	3161
1841-8	40288.0	37884.0	61308	3238
1841-9	41952.0	39416.0	65871	3234
1841-10	38357.0	36004.0	60692	3179
1841-11	34113.0	32030.0	52725	2889
1841-12	33913.0	31829.0	53200	2927
1842-1	33328.0	31288.0	52647	2343
1842-2	29706.0	27955.0	47138	2148
1842-3	42391.0	39701.0	69461	3097
1842-4	37335.0	35117.0	58424	2890
1842-5	37528.0	35234.0	59085	2796
1842-6	41459.0	38979.0	64908	3061
1842-7	37223.0	35100.0	58193	2849
1842-8	38264.0	35871.0	61523	3087
1842-9	28688.0	26856.0	45840	2121
1842-10	19321.0	18133.0	29862	1636
1842-11	23931.0	22432.0	36860	2109
1842-12	21443.0	20201.0	33124	1655
1843-1	26106.0	24642.0	40266	1947
1843-2	21651.0	20338.0	33867	1654
1843-3	26425.0	24875.0	40060	2134
1843-4	25280.0	23668.0	39407	2017
1843-5	25133.0	23661.0	39092	1911
1843-6	28386.0	26659.0	44063	2167
1843-7	23985.0	22631.0	36585	1944
1843-8	27996.0	26373.0	42608	2225
1843-9	29536.0	27876.0	45137	2193
1843-10	29097.0	27369.0	45432	2191
1843-11	28685.0	26994.0	45092	2323
1843-12	27131.0	25518.0	40868	2587
1844-1	23535.0	22093.0	37912	1761
1844-2	20958.0	19683.0	33632	1465
1844-3	23900.0	22617.0	37488	1619
1844-4	25490.0	24041.0	39814	1658
1844-5	26407.0	24806.0	43338	1768
1844-6	25155.0	23678.0	40816	1689
1844-7	24791.0	23425.0	38467	1631
1844-8	27129.0	25537.0	44272	1841
1844-9	25349.0	23885.0	41355	1727
1844-10	26959.0	25346.0	43535	1785
1844-11	25929.0	24319.0	41699	1767
1844-12	26716.0	25133.0	41767	1988
1845-1	28553.0	26926.0	44966	2160
1845-2	22898.0	21372.0	38544	1814
1845-3	21130.0	19830.0	33471	1737
1845-4	25329.0	23706.0	39863	1974
1845-5	26601.0	24969.0	42065	1966
1845-6	21776.0	20429.0	34045	1667
1845-7	28020.0	26358.0	43384	1943
1845-8	25182.0	23502.0	40911	1921
1845-9	32559.0	30573.0	51584	2377
1845-10	25509.0	23968.0	39719	1967
1845-11	23845.0	22440.0	37789	1795
1845-12	28889.0	27094.0	44718	2330
1846-1	22587.0	21098.0	35619	1669
1846-2	21253.0	20000.0	33724	1499
1846-3	21720.0	20455.0	34426	1362
1846-4	21636.0	20335.0	34785	1199
1846-5	22676.0	21403.0	36086	1345
1846-6	27442.0	25825.0	44647	1689
1846-7	30064.0	28226.0	50933	1906
1846-8	20795.0	19562.0	34485	1211
1846-9	22942.0	21658.0	36213	1440
1846-10	21411.0	20133.0	34451	1318
1846-11	22425.0	21001.0	37652	1404
1846-12	23399.0	21880.0	39462	1520
1847-1	25029.0	23190.0	43853	1662
1847-2	20573.0	19043.0	37592	1467
1847-3	26543.0	24606.0	47625	1798
1847-4	24200.0	22430.0	42841	1702
1847-5	17648.0	16611.0	27501	1154
1847-6	20231.0	18945.0	33804	1353
1847-7	19229.0	17916.0	33173	1369
1847-8	19218.0	17909.0	32333	1397
1847-9	16864.0	15768.0	27427	1304
1847-10	26695.0	24755.0	46040	1864
1847-11	23670.0	21922.0	41320	1638
1847-12	25158.0	23412.0	42342	1954
1848-1	19049.0	17763.0	31573	1382
1848-2	23109.0	21454.0	40539	1716
1848-3	17747.0	16647.0	29034	1272
1848-4	20897.0	19419.0	36459	1568
1848-5	20798.0	19329.0	35934	1585
1848-6	20764.0	19264.0	37115	1644
1848-7	18483.0	17214.0	32280	1303
1848-8	20799.0	19379.0	36458	1569
1848-9	23126.0	21482.0	40689	1529
1848-10	21465.0	19970.0	37307	1437
1848-11	24238.0	22530.0	42855	1807
1848-12	24898.0	23272.0	41052	1861
1849-1	24319.0	22665.0	39503	2123
1849-2	20354.0	18897.0	35002	1552
1849-3	24753.0	23068.0	41949	1949
1849-4	22018.0	20613.0	36341	1696
1849-5	24906.0	23260.0	41980	1822
1849-6	25107.0	23434.0	42593	1856
1849-7	21956.0	20613.0	35059	1523
1849-8	24593.0	22837.0	42293	1955
1849-9	19082.0	17843.0	31473	1404
1849-10	22301.0	20584.0	37868	1737
1849-11	24072.0	22412.0	40487	1847
1849-12	16984.0	15906.0	27031	1373
1850-1	16218.0	15055.0	28233	1366
1850-2	16601.0	15429.0	29017	1311
1850-3	27487.0	24833.0	56896	2365
1850-4	27280.0	24583.0	60096	2442
1850-5	23271.0	21297.0	45810	1863
1850-6	25841.0	23874.0	45997	2136
1850-7	55541.0	51535.0	98667	4481
1850-8	56566.0	52299.0	103453	4647
1850-9	51240.0	47166.0	96931	3744
1850-10	46358.0	42887.0	82993	3649
1850-11	48568.0	44836.0	88139	4004
1850-12	48744.0	45069.0	87569	3842
1851-1	45131.0	42208.0	77141	3147
1851-2	52390.0	48689.0	94617	3641
1851-3	47394.0	44042.0	83682	3408
1851-4	52517.0	48269.0	98951	4216
1851-5	54550.0	50463.0	98546	4138
1851-6	53457.0	49127.0	104061	3990
1851-7	55777.0	51022.0	113086	4308
1851-8	49813.0	46099.0	90217	4858
1851-9	42767.0	40148.0	69290	3197
1851-10	43649.0	40844.0	73309	3408
1851-11	38198.0	35163.0	71376	3149
1851-12	27981.0	25949.0	47986	2332
1852-1	56656.0	52262.0	105101	4714
1852-2	46090.0	42600.0	84896	3606
1852-3	36740.0	34176.0	63414	2725
1852-4	34570.0	32331.0	55775	2706
1852-5	32366.0	30123.0	53660	2607
1852-6	34956.0	31921.0	63572	3380
1852-7	60850.0	55269.0	121529	5404
1852-8	40529.0	37939.0	65721	2946
1852-9	41330.0	38438.0	72156	3238
1852-10	45528.0	40640.0	98159	4753
1852-11	47346.0	42635.0	99504	4688
1852-12	56866.0	51861.0	112525	5244
1853-1	31179.0	28934.0	53874	2490
1853-2	26934.0	25014.0	45924	2270
1853-3	36512.0	34052.0	62021	2673
1853-4	47687.0	43977.0	89209	3597
1853-5	43663.0	40046.0	85496	3211
1853-6	40287.0	37317.0	71775	2983
1853-9	38003.0	35308.0	67036	2795
1853-10	50486.0	45600.0	106775	4240
1853-11	50256.0	45098.0	109385	4486
1853-12	28524.0	26555.0	48563	2102
1854-1	43375.0	39650.0	85960	3426
1854-2	34657.0	31889.0	65965	2990
1854-3	45018.0	41793.0	76761	3673
1854-4	47949.0	44774.0	79908	3465
1854-5	46607.0	43026.0	84581	3975
1854-6	53780.0	48649.0	115403	4985
1854-7	52909.0	48730.0	98335	4246
1854-8	54619.0	50209.0	105022	4304
1854-9	48187.0	43784.0	95285	4298
1854-10	51881.0	47336.0	98528	4589
1854-11	40365.0	37056.0	74394	3746
1854-12	41787.0	38411.0	77660	3681
1855-1	50248.0	45731.0	100577	4618
1855-2	47875.0	44639.0	81791	3640
1855-3	51735.0	48313.0	87445	3703
1855-4	45464.0	42642.0	75283	3181
1855-5	50088.0	46816.0	86183	3536
1855-6	47176.0	43715.0	87788	3552
1855-7	47244.0	43648.0	88286	3574
1855-8	53937.0	49674.0	100842	4132
1855-9	49836.0	44353.0	118285	4251
1855-10	46104.0	42593.0	83422	3616
1855-11	48059.0	44640.0	83021	3868
1855-12	51721.0	47922.0	83953	5219
1856-1	67421.0	62070.0	124886	5856
1856-2	67531.0	62092.0	124223	6174
1856-3	61019.0	55979.0	113074	5747
1856-4	65267.0	59728.0	123598	6069
1856-5	74082.0	67444.0	143914	7160
1856-6	70963.0	65944.0	122268	5927
1856-7	73763.0	67279.0	145777	7163
1856-8	60672.0	56114.0	107324	5451
1856-9	69120.0	62170.0	147010	7151
1856-10	81668.0	73019.0	175125	8893
1856-11	65183.0	58692.0	127474	7130
1856-12	54751.0	49629.0	104348	6036
1857-1	52228.0	48183.0	91960	4821
1857-2	49449.0	45691.0	85904	4829
1857-3	62542.0	57556.0	110639	6260
1857-4	84480.0	76449.0	171995	7589
1857-5	99623.0	89654.0	210929	9294
1857-6	81217.0	73780.0	168802	6907
1857-7	71763.0	65576.0	137958	6548
1857-8	78624.0	71745.0	151971	6806
1857-9	75893.0	69526.0	146475	6487
1857-10	86328.0	79022.0	165451	7296
1857-11	77066.0	70392.0	147199	6373
1857-12	80786.0	74100.0	149992	7736
1858-1	57919.0	53539.0	99574	5611
1858-2	64728.0	59568.0	112473	6487
1858-3	57260.0	52721.0	98338	5542
1858-4	72045.0	66023.0	138182	6247
1858-5	75133.0	68484.0	146812	7103
1858-6	78816.0	71520.0	156430	7910
1858-7	80019.0	72177.0	152267	8982
1858-8	66902.0	60665.0	122983	7459
1858-9	67199.0	60553.0	132611	6967
1858-10	85308.0	76861.0	176059	8335
1858-11	90168.0	81618.0	185457	8414
1858-12	88682.0	80461.0	182706	8155
1859-1	11106.0	9336.0	22620	2580
1859-2	18971.0	16138.0	37981	4055
1859-3	10313.0	8783.0	19519	2423
1859-4	14989.0	12833.0	29019	3251
1859-5	40068.0	36321.0	65703	6276
1859-6	58074.0	52826.0	95532	8127
1859-7	49739.0	44575.0	84806	8341
1859-8	40041.0	35573.0	69097	7348
1859-9	48356.0	43545.0	79637	8266
1859-10	69627.0	62240.0	122076	10941
1859-11	42736.0	37768.0	76510	7674
1859-12	39128.0	33565.0	76497	8262
1860-1	31942.0	28775.0	53577	5016
1860-2	30501.0	27425.0	51994	4702
1860-3	35795.0	32003.0	61992	5960
1860-4	37014.0	33121.0	64796	6180
1860-5	55919.0	50023.0	96507	9295
1860-6	37753.0	33788.0	63743	6267
1860-7	33163.0	29648.0	56449	5794
1860-8	46558.0	41659.0	79481	7598
1860-9	31382.0	28119.0	55637	5073
1860-10	40227.0	36147.0	72164	5748
1860-11	35496.0	31821.0	60653	5742
1860-12	39727.0	35561.0	65525	7187
1861-1	56616.0	52040.0	104954	4970
1861-2	43745.0	40245.0	83880	3338
1861-3	69265.0	62488.0	144054	6109
1861-4	104629.0	93797.0	229656	9855
1861-5	106618.0	95470.0	230575	10417
1861-6	96106.0	86409.0	204775	9029
1861-7	66421.0	60490.0	133485	5564
1861-8	81451.0	73934.0	163461	7371
1861-9	81687.0	73831.0	166758	7633
1861-10	70146.0	64819.0	128192	5509
1861-11	67015.0	61825.0	123791	5384
1861-12	72482.0	67170.0	127352	6241
1862-1	83658.0	75482.0	171566	8485
1862-2	81551.0	74005.0	168763	7520
1862-3	110470.0	99628.0	241854	10071
1862-4	83304.0	76657.0	152372	7209
1862-5	94138.0	86693.0	172196	8200
1862-6	77286.0	71763.0	135444	6280
1862-7	85250.0	78435.0	156022	7853
1862-8	98280.0	89786.0	190647	9072
1862-9	87947.0	80383.0	172528	8269
1862-10	80130.0	73893.0	148897	6700
1862-11	80911.0	73480.0	162640	7622
1862-12	76533.0	70590.0	135513	7795
1863-1	115306.0	103150.0	259333	11087
1863-2	94000.0	83947.0	200335	9603
1863-3	114706.0	102523.0	251106	12020
1863-4	123550.0	110268.0	279568	11363
1863-5	119787.0	109271.0	234219	11271
1863-6	94802.0	86767.0	182881	8301
1863-7	95911.0	88679.0	172237	8448
1863-8	88676.0	81840.0	155729	8236
1863-9	79806.0	73792.0	144395	7061
1863-10	85786.0	79523.0	151520	7211
1863-11	90487.0	82266.0	177937	8441
1863-12	93378.0	84297.0	192274	9264
1864-1	105067.0	94903.0	219471	9838
1864-2	103801.0	93837.0	215689	9477
1864-3	101323.0	92608.0	193301	10410
1864-4	92660.0	85118.0	175544	8848
1864-5	96237.0	88308.0	182819	8549
1864-6	86115.0	79323.0	161424	7311
1864-7	106242.0	97888.0	195030	9587
1864-8	112842.0	102344.0	237913	9535
1864-9	126353.0	112983.0	293780	11812
1864-10	103415.0	93706.0	210536	9823
1864-11	84311.0	77616.0	159352	7205
1864-12	96996.0	88984.0	183841	9014
1865-1	83938.0	77100.0	150217	7999
1865-2	74399.0	67250.0	142035	8005
1865-3	84433.0	76587.0	165440	8549
1865-4	83009.0	75652.0	167873	7051
1865-5	94346.0	86281.0	182049	8680
1865-6	90609.0	83386.0	165333	7955
1865-7	87145.0	80495.0	160343	7092
1865-8	100521.0	92906.0	183845	8175
1865-9	90149.0	83110.0	163437	7668
1865-10	88864.0	82028.0	162227	7534
1865-11	109575.0	99121.0	230276	10414
1865-12	120518.0	108840.0	247755	11645
1866-1	86307.0	79208.0	160553	8149
1866-2	111544.0	100386.0	239525	10786
1866-3	125300.0	112062.0	277968	11834
1866-4	88160.0	81155.0	164129	7916
1866-5	104052.0	94960.0	198158	9887
1866-6	84037.0	77455.0	154532	6947
1866-7	103623.0	95120.0	195990	8667
1866-8	103574.0	94768.0	198578	8778
1866-9	63672.0	58345.0	123332	5447
1866-10	96400.0	88591.0	179379	8560
1866-11	92198.0	85124.0	165464	8132
1866-12	87334.0	80875.0	152948	7533
1867-1	90986.0	83451.0	166396	8714
1867-2	76120.0	69220.0	143146	7530
1867-3	83139.0	73949.0	167929	10001
1867-4	73513.0	65693.0	148315	8104
1867-5	77490.0	69098.0	157308	8644
1867-6	87263.0	79950.0	159723	8530
1867-7	93158.0	85147.0	168901	9189
1867-8	110688.0	100306.0	212273	11293
1867-9	85099.0	77167.0	162192	8453
1867-10	91999.0	83972.0	171336	8848
1867-11	83212.0	76551.0	148100	8256
1867-12	92862.0	85045.0	166630	9617
1868-1	86235.0	79308.0	162724	7679
1868-2	83168.0	76795.0	154554	7128
1868-3	92122.0	84823.0	172330	8603
1868-4	85974.0	79290.0	159159	8167
1868-5	91862.0	84732.0	164873	8779
1868-6	99540.0	91990.0	177296	9956
1868-7	130604.0	118659.0	264140	12236
1868-8	123942.0	112611.0	247333	11122
1868-9	126197.0	114090.0	260019	12322
1868-10	132203.0	119319.0	268258	12842
1868-11	112682.0	101965.0	225992	11521
1868-12	105813.0	94324.0	224099	11973
1869-1	111456.0	102469.0	199785	10467
1869-2	101628.0	93332.0	183377	9844
1869-3	96234.0	88338.0	173286	9829
1869-4	121081.0	110584.0	223166	12379
1869-5	121786.0	109725.0	245329	12424
1869-6	120851.0	108556.0	250381	12900
1869-7	123866.0	112375.0	234553	13715
1869-8	133295.0	120479.0	257335	13742
1869-9	114655.0	104573.0	210487	12347
1869-10	95017.0	86748.0	172752	9638
1869-11	110048.0	98848.0	211747	12143
1869-12	144496.0	129524.0	287897	16984
1870-1	111761.0	100757.0	213602	13837
1870-2	105263.0	95797.0	193954	11784
1870-3	114970.0	105523.0	209972	11878
1870-4	108265.0	99288.0	190507	12059
1870-5	101011.0	92445.0	185012	9753
1870-6	105759.0	94975.0	198248	12635
1870-7	136680.0	123081.0	270485	14987
1870-8	140013.0	128715.0	258814	12102
1870-9	124589.0	113734.0	230800	12237
1870-10	107099.0	97432.0	199100	10763
1870-11	92434.0	83079.0	178181	10104
1870-12	106496.0	97194.0	195977	11273
1871-1	110481.0	101293.0	195881	12054
1871-2	105150.0	95725.0	185492	12648
1871-3	111794.0	102416.0	187829	13263
1871-4	87125.0	79846.0	143089	10849
1871-5	126786.0	115927.0	209479	16364
1871-6	128483.0	116388.0	214095	18345
1871-7	132110.0	119638.0	260757	13950
1871-8	165841.0	149093.0	355949	16312
1871-9	127534.0	117362.0	236466	12161
1871-10	117071.0	108179.0	205885	10530
1871-11	117385.0	107183.0	222486	11753
1871-12	95080.0	86944.0	183441	9454
1872-1	78640.0	73112.0	137475	7752
1872-2	112324.0	103557.0	207676	10444
1872-3	132245.0	121702.0	247317	12784
1872-4	98894.0	91240.0	180136	9208
1872-5	142964.0	132590.0	252064	12686
1872-6	122870.0	113334.0	224471	12073
1872-7	120479.0	111231.0	216403	11382
1872-8	127184.0	117789.0	228221	10978
1872-9	103982.0	95599.0	191713	10129
1872-10	116742.0	106623.0	222753	11854
1872-11	107906.0	97765.0	206408	11638
1872-12	118025.0	109406.0	210880	11050
1873-1	135459.0	125848.0	238279	12260
1873-2	170772.0	152569.0	385928	17693
1873-3	147328.0	134281.0	289591	14150
1873-4	137850.0	127193.0	254339	12450
1873-5	169198.0	153472.0	340391	15744
1873-6	102005.0	90896.0	206721	12482
1873-7	114548.0	104001.0	212609	12581
1873-8	140619.0	129298.0	250348	14699
1873-9	183711.0	163391.0	412052	18667
1873-10	144209.0	130382.0	289795	14271
1873-11	106731.0	98375.0	190567	10945
1873-12	98031.0	90851.0	166819	10562
1874-1	116309.0	107585.0	202614	11877
1874-2	105425.0	96960.0	192925	10484
1874-3	122005.0	112237.0	225698	12479
1874-4	104757.0	96511.0	187718	9984
1874-5	122866.0	113448.0	212706	12477
1874-6	122419.0	112688.0	220644	12438
1874-7	120852.0	108727.0	232731	14070
1874-8	81322.0	75188.0	146542	7310
1874-9	107076.0	99046.0	191138	9876
1874-10	112288.0	103409.0	201629	10921
1874-11	141251.0	129274.0	267200	13323
1874-12	148186.0	135525.0	282585	15034
1875-1	119819.0	110442.0	208542	12354
1875-2	64537.0	59347.0	120244	5541
1875-3	96052.0	88286.0	172536	9366
1875-4	131069.0	120080.0	235172	13043
1875-5	132044.0	121630.0	223871	13962
1875-6	126021.0	116253.0	212784	13036
1875-7	125349.0	112337.0	250391	14233
1875-8	113329.0	103821.0	205516	10940
1875-9	122649.0	112346.0	230375	12245
1875-10	87243.0	80305.0	163780	6651
1875-11	103537.0	94543.0	192584	10021
1875-12	102071.0	93364.0	191023	10350
1876-1	115803.0	107638.0	204767	10071
1876-2	109643.0	102208.0	190635	9881
1876-3	81826.0	75407.0	154993	6753
1876-4	52001.0	47831.0	98703	3933
1876-5	127200.0	116371.0	241747	12397
1876-6	142698.0	131931.0	260341	13469
1876-7	108597.0	101122.0	188064	9985
1876-8	121209.0	111564.0	220551	11896
1876-9	121932.0	109005.0	257806	13370
1876-10	172195.0	156433.0	342791	16178
1876-11	152338.0	139584.0	282758	14755
1876-12	124479.0	114819.0	226091	12740
1877-1	128672.0	118148.0	238804	12676
1877-2	122702.0	113052.0	223825	11870
1877-3	134884.0	123899.0	252849	13816
1877-4	125528.0	115779.0	224665	11497
1877-5	115689.0	105619.0	221457	10661
1877-6	108507.0	97920.0	213322	11444
1877-7	138037.0	127704.0	237120	13025
1877-8	185375.0	166475.0	379584	19416
1877-9	159019.0	142985.0	324128	16473
1877-10	156910.0	141882.0	315376	16096
1877-11	109949.0	101889.0	193100	9978
1877-12	119046.0	109992.0	212652	11806
1878-1	132885.0	122098.0	240802	14094
1878-2	81106.0	73952.0	151015	8037
1878-3	127462.0	116007.0	239266	13662
1878-4	108866.0	100701.0	194799	9489
1878-5	145444.0	135368.0	246414	13592
1878-6	135762.0	125224.0	242123	14114
1878-7	132982.0	121907.0	243250	14104
1878-8	130366.0	119935.0	233267	13488
1878-9	114746.0	105848.0	201693	11969
1878-10	134918.0	124431.0	236440	14087
1878-11	114936.0	106659.0	195661	11198
1878-12	113089.0	105135.0	197686	11344
1879-1	74791.0	68871.0	139877	6194
1879-2	74430.0	68638.0	137678	6355
1879-3	109724.0	101229.0	204291	9792
1879-4	111817.0	103239.0	205858	9881
1879-5	110532.0	102451.0	202495	9895
1879-6	123744.0	114239.0	220677	12267
1879-7	130762.0	120758.0	236520	12164
1879-8	140119.0	130159.0	239615	13075
1879-9	129638.0	119364.0	232505	12886
1879-10	127375.0	117761.0	222540	12751
1879-11	82942.0	76692.0	149227	6963
1879-12	100276.0	92780.0	182345	8973
1880-1	128762.0	118765.0	236424	12805
1880-2	135018.0	123451.0	257695	13879
1880-3	109799.0	101178.0	199437	11080
1880-4	106657.0	98445.0	194691	9952
1880-5	117297.0	108088.0	216467	11088
1880-6	132033.0	121830.0	240189	12866
1880-7	125710.0	116047.0	226613	11766
1880-8	124839.0	114697.0	233245	11301
1880-9	131961.0	122955.0	226450	11553
1880-10	92896.0	85796.0	171551	7610
1880-11	71395.0	65886.0	133946	5514
1880-12	80561.0	74598.0	148466	6022
1881-1	117090.0	108247.0	208964	11744
1881-2	115720.0	106854.0	204268	11842
1881-3	157038.0	144573.0	284620	16055
1881-4	120653.0	111683.0	215137	11045
1881-5	131574.0	121425.0	242931	11672
1881-6	136699.0	126438.0	245226	12765
1881-7	164905.0	151520.0	303633	16147
1881-8	161152.0	148440.0	298751	14577
1881-9	125178.0	116635.0	217654	10823
1881-10	131368.0	122333.0	228321	11373
1881-11	131217.0	122123.0	228469	11356
1881-12	119324.0	109818.0	225510	10550
1882-1	103246.0	95044.0	186581	10373
1882-2	88387.0	81297.0	163013	8755
1882-3	107259.0	98977.0	194757	10072
1882-4	92685.0	85804.0	163257	8610
1882-5	89314.0	82050.0	163267	8700
1882-6	113149.0	103978.0	203193	11830
1882-7	100346.0	92533.0	181533	8800
1882-8	113541.0	104898.0	208151	9556
1882-9	156417.0	142846.0	303319	14303
1882-10	124741.0	114321.0	241005	11151
1882-11	103954.0	94423.0	208728	9982
1882-12	136401.0	125650.0	252658	12918
1883-1	99560.0	91770.0	179103	9685
1883-2	81223.0	74962.0	150178	6946
1883-3	128012.0	118088.0	227976	12597
1883-4	98167.0	89811.0	179424	10374
1883-5	129241.0	119953.0	220786	12349
1883-6	121411.0	111482.0	220678	12313
1883-7	107664.0	99003.0	196518	10022
1883-8	116710.0	107690.0	208648	10106
1883-9	128296.0	116669.0	256459	11490
1883-10	136285.0	123124.0	268974	14190
1883-11	130679.0	115771.0	289515	13427
1883-12	133989.0	121912.0	260480	14127
1884-1	111840.0	102572.0	204755	10122
1884-2	157484.0	144184.0	295687	15881
1884-3	160154.0	147108.0	298360	15984
1884-4	113712.0	105159.0	194865	11964
1884-5	113336.0	104300.0	205631	10964
1884-6	82184.0	76159.0	148796	6670
1884-7	111947.0	102438.0	213100	10075
1884-8	135492.0	123062.0	258211	13908
1884-9	84065.0	77210.0	156121	6623
1884-10	104748.0	95163.0	203904	10026
1884-11	129442.0	118936.0	237721	12434
1884-12	126164.0	116055.0	226068	12619
1885-1	113452.0	105250.0	201596	11242
1885-2	158320.0	142839.0	343573	14732
1885-3	129712.0	118314.0	261959	10503
1885-4	93700.0	86206.0	179159	6439
1885-5	108343.0	99634.0	206825	9263
1885-6	116139.0	107597.0	208788	10664
1885-7	127892.0	118999.0	224941	10657
1885-8	122081.0	113244.0	221123	9330
1885-9	137258.0	126488.0	253015	11630
1885-10	156960.0	143966.0	291363	14663
1885-11	152941.0	141632.0	278204	12835
1885-12	166389.0	154675.0	295158	14045
1886-1	114479.0	105224.0	210903	10137
1886-2	114360.0	104317.0	217058	10798
1886-3	134847.0	124178.0	245733	12027
1886-4	137631.0	127836.0	233989	12683
1886-5	135313.0	125218.0	237769	12277
1886-6	110700.0	102817.0	195052	8769
1886-7	104338.0	97177.0	187743	7052
1886-8	130592.0	121612.0	233668	9952
1886-9	150606.0	140432.0	255696	12393
1886-10	163811.0	152067.0	288195	13296
1886-11	123607.0	114322.0	223633	10149
1886-12	103864.0	95474.0	197773	8457
1887-1	179874.0	163754.0	352319	16723
1887-2	159045.0	146122.0	287351	14773
1887-3	157111.0	144443.0	284741	15227
1887-4	120627.0	111547.0	214297	10335
1887-5	116822.0	107951.0	214733	9183
1887-6	194085.0	177672.0	364545	18165
1887-7	137612.0	127553.0	237274	12198
1887-8	134262.0	121961.0	256661	12774
1887-9	137921.0	126039.0	258144	13086
1887-10	161130.0	148091.0	287883	15539
1887-11	142092.0	130606.0	260681	13540
1887-12	114914.0	106475.0	201805	9266
1888-1	128280.0	118942.0	228265	10869
1888-2	116003.0	106746.0	226334	7967
1888-3	122496.0	113142.0	228024	9677
1888-4	143084.0	132160.0	264461	12353
1888-5	137923.0	127970.0	246323	10794
1888-6	147207.0	136513.0	263983	13003
1888-7	128917.0	119523.0	232535	9887
1888-8	119796.0	110760.0	225733	8137
1888-9	124067.0	114746.0	227523	9948
1888-10	146233.0	135882.0	260062	12547
1888-11	158639.0	146763.0	286903	13749
1888-12	138782.0	128978.0	243884	11842
1889-1	154243.0	143020.0	274596	13203
1889-2	141779.0	131352.0	256072	12264
1889-3	119668.0	110863.0	218241	8921
1889-4	89944.0	83632.0	162019	5668
1889-5	118865.0	110283.0	213802	8912
1889-6	155233.0	143865.0	276801	13293
1889-7	157086.0	145692.0	279100	13004
1889-8	117184.0	108774.0	211869	8234
1889-9	108414.0	100063.0	204174	7862
1889-10	152658.0	141933.0	265924	13063
1889-11	144449.0	134319.0	252533	12460
1889-12	135423.0	125073.0	242913	12536
1890-1	150526.0	139352.0	274694	14283
1890-2	134419.0	124253.0	239696	12563
1890-3	106132.0	98529.0	194466	7707
1890-4	140240.0	128771.0	266141	12616
1890-5	124311.0	114719.0	232701	9689
1890-6	122902.0	114075.0	221662	9437
1890-7	127398.0	118970.0	217692	9800
1890-8	153287.0	142130.0	271773	13709
1890-9	108492.0	100632.0	192110	8744
1890-10	113799.0	105288.0	210370	7946
1890-11	134315.0	123250.0	250273	12219
1890-12	119254.0	109292.0	230311	10373
1891-1	126195.0	115904.0	231238	10915
1891-2	134491.0	124560.0	237294	11779
1891-3	144914.0	134190.0	259085	12462
1891-4	152023.0	140734.0	272701	12613
1891-5	150874.0	140132.0	265314	12757
1891-6	115554.0	105753.0	226237	9931
1891-7	149149.0	137697.0	273507	12522
1891-8	154466.0	142275.0	291858	12656
1891-9	128410.0	118240.0	242588	9919
1891-10	146910.0	136793.0	257261	10597
1891-11	152007.0	140834.0	270476	12170
1891-12	195250.0	181483.0	342336	15361
1892-1	167581.0	156526.0	284218	12477
1892-2	145357.0	134834.0	260574	10779
1892-3	157772.0	147224.0	267851	12366
1892-4	141562.0	131717.0	243629	11630
1892-5	133233.0	123050.0	244378	10451
1892-6	132353.0	122717.0	243979	9035
1892-7	158679.0	147718.0	279052	12209
1892-8	144972.0	134367.0	264063	10878
1892-9	148974.0	137848.0	269823	11835
1892-10	118358.0	109593.0	215661	8502
1892-11	137765.0	127390.0	252484	10204
1892-12	146634.0	135368.0	270704	10874
1893-1	155119.0	143318.0	293335	12423
1893-2	143308.0	132695.0	266992	11462
1893-3	175298.0	161208.0	334091	15225
1893-4	186617.0	172172.0	344782	16959
1893-5	188114.0	174089.0	340969	16630
1893-6	189093.0	175940.0	332677	14903
1893-7	143778.0	132796.0	268390	10779
1893-8	154774.0	143314.0	294197	11841
1893-9	169592.0	156581.0	312774	15472
1893-10	185873.0	171698.0	333224	17024
1893-11	162645.0	150003.0	302958	13607
1893-12	168721.0	155769.0	308218	15355
1894-1	163373.0	151955.0	282432	13433
1894-2	149547.0	139153.0	261227	12109
1894-3	152250.0	140954.0	271317	12632
1894-4	154030.0	143487.0	264495	12257
1894-5	138541.0	128700.0	244965	10473
1894-6	183558.0	170195.0	323261	16077
1894-7	162779.0	151121.0	288286	14495
1894-8	174136.0	161374.0	316606	13520
1894-9	171671.0	159220.0	306203	13975
1894-10	174168.0	161905.0	308018	15624
1894-11	165862.0	154932.0	280851	13691
1894-12	157165.0	146882.0	268214	13968
1895-1	165940.0	152853.0	310557	14430
1895-2	165258.0	152398.0	307340	14802
1895-3	126551.0	117586.0	229423	8486
1895-4	156561.0	144951.0	279253	13505
1895-5	143420.0	132318.0	265350	10768
1895-6	131578.0	121993.0	240173	9941
1895-7	168641.0	157406.0	285006	14238
1895-8	166076.0	154125.0	288442	14301
1895-9	169124.0	156988.0	301782	14651
1895-10	144109.0	132449.0	268831	11897
1895-11	144775.0	133346.0	270192	12268
1895-12	141230.0	130180.0	258822	11472
1896-1	164950.0	152960.0	293512	14711
1896-2	160590.0	148275.0	291870	14248
1896-3	186731.0	171982.0	344519	17413
1896-4	171294.0	158125.0	311250	15566
1896-5	186862.0	172478.0	344383	15832
1896-6	182460.0	168945.0	331534	15412
1896-7	186265.0	172242.0	331348	17719
1896-8	179669.0	166241.0	318615	16682
1896-9	165099.0	153098.0	289769	14625
1896-10	177163.0	165026.0	305514	15315
1896-11	136877.0	126950.0	245804	11593
1896-12	149831.0	139442.0	264983	11920
1897-1	146560.0	136433.0	254900	12020
1897-2	133254.0	122846.0	245966	10651
1897-3	173094.0	159963.0	313271	14545
1897-4	157662.0	145192.0	300059	12347
1897-5	138389.0	127680.0	256375	12142
1897-6	157324.0	144972.0	293372	13261
1897-7	162201.0	149267.0	300238	13803
1897-8	184956.0	170647.0	338836	16228
1897-9	175447.0	161491.0	330548	15092
1897-10	135979.0	125624.0	256593	9419
1897-11	168252.0	156214.0	297152	13859
1897-12	195071.0	181423.0	341977	16552
1898-1	165064.0	152818.0	296318	13383
1898-2	158485.0	146146.0	297372	12706
1898-3	170484.0	157244.0	314147	13532
1898-4	176244.0	162106.0	327504	15304
1898-5	191785.0	177324.0	346326	16803
1898-6	200090.0	184652.0	365065	18394
1898-7	179840.0	165983.0	334440	14842
1898-8	147173.0	135769.0	279274	10426
1898-9	141804.0	130884.0	271421	9759
1898-10	196329.0	181054.0	355444	17443
1898-11	157273.0	145816.0	279098	12735
1898-12	142887.0	133053.0	257156	10364
1899-1	192362.0	178257.0	345865	14392
1899-2	149839.0	138891.0	276912	10941
1899-3	196337.0	181895.0	361449	14491
1899-4	156276.0	144487.0	287742	12433
1899-5	172078.0	159275.0	315538	13917
1899-6	142762.0	132550.0	262639	10801
1899-7	182829.0	169395.0	333261	14154
1899-8	167161.0	154631.0	307275	13584
1899-9	143618.0	132440.0	272863	10805
1899-10	159641.0	147211.0	300709	11352
1899-11	146773.0	136263.0	263343	11107
1899-12	147299.0	137205.0	253377	12095
1900-1	167310.0	155407.0	296889	14279
1900-2	149905.0	137811.0	295509	11900
1900-3	181661.0	168178.0	328633	15019
1900-4	184440.0	170427.0	337374	14611
1900-5	134959.0	125208.0	249796	9316
1900-6	182184.0	170079.0	314532	14735
1900-7	172763.0	159446.0	309147	14499
1900-8	187052.0	173322.0	335264	14408
1900-9	177052.0	163195.0	321473	14262
1900-10	157017.0	144290.0	293430	11958
1900-11	169383.0	156584.0	308060	13441
1900-12	178420.0	165666.0	312553	14194
1901-1	170742.0	158813.0	301284	13482
1901-2	150898.0	139764.0	277024	11466
1901-3	199916.0	184751.0	368650	16197
1901-4	185715.0	172688.0	322417	15521
1901-5	182809.0	169452.0	325904	14884
1901-6	168775.0	155931.0	316636	14973
1901-7	168488.0	155855.0	308339	13230
1901-8	205662.0	189766.0	377453	16726
1901-9	164027.0	151335.0	306971	12233
1901-10	207123.0	191374.0	375875	16870
1901-11	194969.0	180020.0	355130	16337
1901-12	198902.0	183225.0	362185	18306
1902-1	206030.0	190346.0	366401	18549
1902-2	191751.0	177016.0	346943	18226
1902-3	206530.0	190290.0	377014	18470
1902-4	186150.0	171215.0	334186	17170
1902-5	191713.0	176205.0	336882	19509
1902-6	171055.0	156995.0	313778	16344
1902-7	171232.0	157291.0	306400	15930
1902-8	206827.0	189718.0	362248	21447
1902-9	174546.0	160990.0	306981	16169
1902-10	192047.0	176496.0	345081	19399
1902-11	190263.0	175461.0	335651	18434
1902-12	195556.0	180087.0	356895	18590
1903-1	180309.0	165809.0	333177	17662
1903-2	185780.0	172297.0	328311	16317
1903-3	188520.0	174142.0	347604	14505
1903-4	192798.0	177796.0	345349	16829
1903-5	203012.0	187716.0	355722	17785
1903-6	169228.0	155924.0	322872	13223
1903-7	188449.0	173492.0	353657	17138
1903-8	221717.0	205713.0	396187	18299
1903-9	178952.0	165552.0	340548	13387
1903-10	185900.0	171642.0	347054	12822
1903-11	173720.0	161593.0	305799	12723
1903-12	198025.0	183925.0	350638	15567
1904-1	178086.0	163438.0	341897	14655
1904-2	176651.0	163723.0	319598	14159
1904-3	188560.0	175758.0	332677	15063
1904-4	160295.0	148111.0	301285	12463
1904-5	208550.0	193092.0	379465	16284
1904-6	223698.0	207334.0	404107	17486
1904-7	222026.0	206303.0	387213	18834
1904-8	218231.0	200999.0	390228	22977
1904-9	208188.0	192652.0	364759	21403
1904-10	190193.0	175135.0	349592	18432
1904-11	168806.0	155077.0	307907	16317
1904-12	212977.0	196780.0	372009	22297
1905-1	174507.0	159861.0	312389	20977
1905-2	146107.0	136006.0	255327	12530
1905-3	194073.0	181014.0	331449	17546
1905-4	201516.0	185371.0	368907	20647
1905-5	200725.0	183319.0	388019	21190
1905-6	159675.0	145978.0	315968	14678
1905-7	222362.0	203807.0	415001	22384
1905-8	209506.0	191290.0	404776	20344
1905-9	205542.0	188459.0	388343	20137
1905-10	174473.0	159345.0	341121	16130
1905-11	135779.0	125169.0	249378	12264
1905-12	156772.0	143508.0	306055	14615
1906-1	201937.0	185358.0	348819	22083
1906-2	190369.0	174387.0	331225	20733
1906-3	217400.0	198024.0	380500	25873
1906-4	203228.0	186655.0	362346	21422
1906-5	170569.0	156183.0	308557	17318
1906-6	174319.0	158274.0	320756	19666
1906-7	207350.0	189315.0	373922	22268
1906-8	224756.0	205934.0	391618	23550
1906-9	201874.0	186267.0	353984	19014
1906-10	204224.0	188995.0	374314	18036
1906-11	198726.0	182890.0	364565	17336
1906-12	193510.0	178283.0	350189	17439
1907-1	213107.0	194859.0	427058	28283
1907-2	215258.0	196907.0	422789	30028
1907-3	229852.0	210754.0	445774	27092
1907-4	175685.0	160825.0	354229	22654
1907-5	205262.0	187905.0	403568	25283
1907-6	231964.0	213923.0	432237	29187
1907-7	227486.0	210391.0	415254	27489
1907-8	207122.0	190173.0	402226	24138
1907-9	211904.0	194488.0	415329	28296
1907-10	227342.0	208283.0	438896	28819
1907-11	216308.0	197164.0	418622	30771
1907-12	214074.0	195345.0	409050	29050
1908-1	222133.0	201824.0	375857	30255
1908-2	212625.0	195764.0	389822	18977
1908-3	213211.0	196531.0	387447	18001
1908-4	213803.0	196993.0	386834	18378
1908-5	214285.0	198903.0	379957	17357
1908-6	207454.0	191615.0	385004	16281
1908-7	255606.0	236060.0	458265	22380
1908-8	234063.0	215850.0	430458	18849
1908-9	206976.0	190629.0	384385	16561
1908-10	207626.0	191808.0	377814	16599
1908-11	216624.0	201412.0	367139	19365
1908-12	227307.0	209326.0	397732	22340
1909-1	244564.0	225465.0	453824	23819
1909-2	203035.0	187366.0	383491	17451
1909-3	254921.0	234889.0	484253	26397
1909-4	240467.0	222281.0	437431	22269
1909-5	244441.0	225985.0	453384	22432
1909-6	233559.0	215537.0	445420	21726
1909-7	279418.0	258956.0	515551	27830
1909-8	246231.0	227956.0	446615	22604
1909-9	250062.0	230866.0	458535	25182
1909-10	222205.0	204905.0	415487	19192
1909-11	227346.0	209422.0	415328	21423
1909-12	220628.0	203482.0	411068	19864
1910-1	195922.0	180962.0	356739	16294
1910-2	211203.0	195076.0	382574	17229
1910-3	208163.0	191456.0	382304	18019
1910-4	219538.0	201984.0	397127	19306
1910-5	214441.0	197512.0	387337	18796
1910-6	212131.0	195308.0	383002	19361
1910-7	253548.0	234649.0	449830	21658
1910-8	242668.0	225316.0	414914	21320
1910-9	236391.0	218393.0	418002	21320
1910-10	258619.0	238228.0	453475	26108
1910-11	239233.0	219676.0	408818	25768
1910-12	224460.0	206105.0	398330	21827
1911-1	243809.0	225017.0	456845	21914
1911-2	223232.0	205930.0	427475	19087
1911-3	282031.0	260825.0	517661	25603
1911-4	243421.0	225556.0	444051	22478
1911-5	216001.0	199996.0	406554	17609
1911-6	248842.0	230888.0	439832	22505
1911-7	251410.0	232473.0	460260	22651
1911-8	233884.0	215980.0	425165	20301
1911-9	237376.0	218489.0	442225	23530
1911-10	211908.0	196324.0	393443	17813
1911-11	223027.0	206372.0	416876	17962
1911-12	231111.0	213812.0	425468	18046
1912-1	248302.0	229018.0	437038	23665
1912-2	243669.0	224506.0	428151	21984
1912-3	263420.0	241952.0	450161	27637
1912-4	224402.0	204681.0	378418	26080
1912-5	231646.0	213018.0	401346	22789
1912-6	264281.0	245269.0	457002	23367
1912-7	253548.0	235053.0	443070	21644
1912-8	240468.0	222345.0	432225	19227
1912-9	235472.0	217215.0	408368	22431
1912-10	243647.0	223803.0	413730	25370
1912-11	227410.0	209682.0	384648	22930
1912-12	238655.0	220941.0	425106	19706
1913-1	233209.0	215510.0	422288	19870
1913-2	229387.0	211909.0	405400	19748
1913-3	229569.0	211536.0	409751	20523
1913-4	235337.0	217026.0	414524	20462
1913-5	261568.0	240583.0	455301	25027
1913-6	256358.0	236333.0	435440	26182
1913-7	226340.0	208742.0	405317	19619
1913-8	240588.0	221536.0	437003	21826
1913-9	231156.0	213612.0	403297	21096
1913-10	276483.0	255389.0	482122	25149
1913-11	262668.0	243825.0	442668	24172
1913-12	255021.0	234756.0	444910	25111
1914-1	262186.0	242150.0	465694	23126
1914-2	221132.0	203980.0	400706	18389
1914-3	247019.0	227919.0	447180	20953
1914-4	204036.0	188607.0	376349	15745
1914-5	275442.0	254796.0	494241	22394
1914-6	232760.0	214937.0	429620	18656
1914-7	238922.0	220427.0	426600	20575
1914-8	146532.0	134722.0	253878	12757
1914-9	169946.0	157076.0	281643	14666
1914-10	138838.0	127241.0	243418	12043
1914-11	165666.0	152386.0	279819	16761
1914-12	151354.0	139130.0	266067	14583
1915-1	131764.0	121264.0	242115	10217
1915-2	131831.0	121433.0	237466	11327
1915-3	147990.0	136109.0	274965	11883
1915-4	170341.0	156992.0	310489	15247
1915-5	171751.0	159093.0	303956	13435
1915-6	128586.0	118038.0	242748	10048
1915-7	130081.0	119092.0	245653	11146
1915-8	146132.0	133733.0	261437	15839
1915-9	227686.0	210342.0	404689	18392
1915-10	238794.0	220284.0	416842	20273
1915-11	235721.0	218520.0	409133	18665
1915-12	216176.0	200289.0	395510	14508
1916-1	206762.0	191967.0	361335	14159
1916-2	197144.0	183243.0	353135	12017
1916-3	236646.0	219704.0	420658	15939
1916-4	208051.0	193207.0	367592	13547
1916-5	222313.0	206489.0	401366	13987
1916-6	221981.0	206309.0	396321	14725
1916-7	231998.0	215771.0	414649	14399
1916-8	217176.0	202010.0	389135	13012
1916-9	215526.0	200579.0	376789	14589
1916-10	209710.0	194746.0	378426	13913
1916-11	225063.0	209120.0	394104	16292
1916-12	221337.0	204829.0	403585	15693
1920-1	222711.0	206633.0	386006	18616
1920-2	220289.0	203918.0	384822	18382
1920-3	228094.0	210744.0	405171	19234
1920-4	210117.0	194490.0	368381	18119
1920-5	218427.0	203019.0	394736	15311
1920-6	224815.0	209002.0	407584	15566
1920-7	206262.0	191849.0	374976	13231
1920-8	207348.0	192585.0	378756	13671
1920-9	212928.0	198079.0	385812	14317
1920-10	236253.0	219106.0	434670	15946
1920-11	245322.0	227603.0	434752	19318
1920-12	252813.0	234211.0	448455	20842
1921-1	220295.0	204396.0	390057	16325
1921-2	197104.0	182089.0	352684	15968
1921-3	210735.0	194912.0	380850	16456
1921-4	227752.0	210820.0	411021	17257
1921-5	218700.0	202660.0	400359	14622
1921-6	216112.0	200368.0	396749	14441
1921-7	223445.0	208060.0	400984	14671
1921-8	204234.0	189909.0	368509	13036
1921-9	202447.0	187867.0	372945	13328
1921-10	241568.0	223588.0	435319	18292
1921-11	231621.0	214832.0	416125	16638
1921-12	241788.0	223963.0	441334	17513
1922-1	222022.0	205758.0	405580	15754
1922-2	222431.0	206040.0	414120	15711
1922-3	257028.0	238121.0	477257	17580
1922-4	214352.0	198334.0	395736	15127
1922-5	232029.0	215146.0	427296	15596
1922-6	218611.0	202617.0	407066	14372
1922-7	207048.0	191938.0	382318	13828
1922-8	207076.0	192254.0	378802	13635
1922-9	209079.0	193763.0	389486	13915
1922-10	239991.0	222124.0	444892	16075
1922-11	239551.0	222300.0	438842	16552
1922-12	235726.0	218685.0	430487	15719
1923-1	221314.0	204900.0	402990	15747
1923-2	228105.0	211525.0	423535	15136
1923-3	242521.0	225183.0	443558	16126
1923-4	241610.0	223911.0	441978	16487
1923-5	236175.0	218619.0	435735	16688
1923-6	238665.0	221570.0	437607	15823
1923-7	205865.0	191672.0	375799	12955
1923-8	200892.0	186707.0	370151	12461
1923-9	185001.0	171280.0	350676	11819
1923-10	245532.0	227224.0	466696	16272
1923-11	234631.0	217219.0	443246	15434
1923-12	246947.0	228689.0	459726	16188
1924-1	243583.0	225288.0	438002	18449
1924-2	238381.0	220556.0	434191	17434
1924-3	255829.0	237188.0	471875	17426
1924-4	231491.0	214511.0	422432	16134
1924-5	240509.0	222670.0	441259	16915
1924-6	234054.0	216775.0	441033	16246
1924-7	220191.0	203748.0	414306	14977
1924-8	219059.0	202756.0	409771	15275
1924-9	224142.0	207799.0	406428	16855
1924-10	268617.0	249329.0	478519	19875
1924-11	259942.0	241631.0	465699	18494
1924-12	265579.0	245819.0	479433	20022
1925-1	250008.0	232183.0	458076	16543
1925-2	268007.0	248912.0	492102	17656
1925-3	294024.0	272994.0	539665	20157
1925-4	264117.0	245071.0	481150	17696
1925-5	284983.0	264205.0	520556	19038
1925-6	284003.0	263555.0	527245	18976
1925-7	271606.0	252124.0	498603	17676
1925-8	271415.0	252004.0	494810	18154
1925-9	276358.0	256096.0	514463	18137
1925-10	266508.0	247634.0	494355	17432
1925-11	279610.0	259619.0	514919	17849
1925-12	281594.0	261515.0	526377	18403
1926-1	293178.0	271859.0	542664	18905
1926-2	296115.0	275093.0	546153	19215
1926-3	312713.0	289579.0	583665	21806
1926-4	287020.0	265994.0	530439	19786
1926-5	279157.0	258682.0	517643	19285
1926-6	300078.0	278085.0	560421	20468
1926-7	279268.0	258899.0	512671	18124
1926-8	252363.0	234277.0	461650	16164
1926-9	289588.0	268717.0	545872	18440
1926-10	300911.0	278948.0	552825	20488
1926-11	301991.0	279855.0	558543	20877
1926-12	290948.0	270153.0	538815	19189
1927-1	267657.0	247843.0	499243	17720
1927-2	278628.0	258164.0	520492	18405
1927-3	303276.0	280879.0	567270	19669
1927-4	257545.0	238782.0	472984	16978
1927-5	292246.0	270384.0	550167	18767
1927-6	275201.0	255356.0	516118	17575
1927-7	279288.0	259377.0	517709	18262
1927-8	284694.0	264510.0	520242	18116
1927-9	277933.0	258349.0	517592	17583
1927-10	305052.0	283212.0	555955	19921
1927-11	283032.0	263456.0	516100	17952
1927-12	282571.0	262804.0	520545	17202
1928-1	276061.0	256546.0	493375	19170
1928-2	289015.0	268641.0	521256	19148
1928-3	294428.0	273868.0	538489	18874
1928-4	264731.0	246282.0	484707	15939
1928-5	273141.0	253895.0	501421	17322
1928-6	292486.0	271384.0	550665	19026
1928-7	261095.0	243302.0	477819	15384
1928-8	276021.0	257577.0	503638	16157
1928-9	276948.0	257234.0	516919	17053
1928-10	296766.0	275637.0	542393	18936
1928-11	288604.0	267855.0	533612	18294
1928-12	278746.0	259246.0	512994	17156
1929-1	272662.0	253598.0	502381	16209
1929-2	266220.0	247672.0	488366	16033
1929-3	283751.0	263493.0	520716	17451
1929-4	287775.0	267384.0	526365	18128
1929-5	301094.0	279903.0	550090	18601
1929-6	302662.0	281124.0	559414	18494
1929-7	269536.0	250221.0	508259	16826
1929-8	286313.0	265762.0	531442	17947
1929-9	280788.0	260501.0	521185	17973
1929-10	323849.0	300481.0	594014	22172
1929-11	315677.0	293120.0	568948	21359
1929-12	311000.0	288694.0	563237	21274
1930-1	264712.0	245758.0	488353	16685
1930-2	275343.0	255959.0	504054	18281
1930-3	310604.0	288671.0	569172	20173
1930-4	276180.0	256869.0	500480	17205
1930-5	310547.0	288670.0	564641	20044
1930-6	312661.0	290732.0	571449	19644
1930-7	186576.0	173718.0	337319	11582
1930-8	275981.0	257269.0	494408	17285
1930-9	285253.0	265239.0	516531	18614
1930-10	307056.0	285496.0	555951	19871
1930-11	291722.0	271489.0	529197	18859
1930-12	292300.0	272239.0	524558	18961
1931-1	261946.0	243459.0	473892	17817
1931-2	250234.0	232866.0	447352	15905
1931-3	277620.0	258250.0	501530	17861
1931-4	248179.0	230718.0	445480	16864
1931-5	270617.0	251209.0	485329	19194
1931-6	262167.0	243155.0	478956	17836
1931-7	221226.0	205324.0	402735	14758
1931-8	223000.0	207314.0	396732	14577
1931-9	224878.0	208495.0	411229	14819
1931-10	269993.0	250516.0	489953	17834
1931-11	267750.0	248500.0	482622	18218
1931-12	271447.0	252553.0	489662	17239
1932-1	253282.0	236136.0	457412	15315
1932-2	246640.0	229459.0	453809	15130
1932-3	247224.0	230187.0	449603	15137
1932-4	244536.0	227855.0	441773	14685
1932-5	251769.0	234692.0	455286	15089
1932-6	258700.0	241010.0	469107	15354
1932-7	220565.0	205164.0	400142	13174
1932-8	220008.0	204976.0	398576	12389
1932-9	220534.0	205612.0	397435	13043
1932-10	266721.0	248401.0	482513	15908
1932-11	273637.0	254856.0	496284	16249
1932-12	241163.0	224848.0	437151	14389
1933-1	248309.0	231472.0	446363	14438
1933-2	227488.0	211926.0	411608	13241
1933-3	256015.0	237962.0	469874	15484
1933-4	219597.0	204591.0	396864	12611
1933-5	250058.0	232539.0	461559	15293
1933-6	242781.0	225824.0	447933	14262
1933-7	185052.0	172310.0	337159	11102
1933-8	207693.0	193510.0	370317	11919
1933-9	224286.0	208833.0	402305	13714
1933-10	261251.0	243088.0	471285	16083
1933-11	255559.0	238137.0	453403	15187
1933-12	262020.0	243896.0	475532	15565
1934-1	238014.0	222393.0	421072	13399
1934-2	236038.0	220036.0	422258	13537
1934-3	254136.0	237189.0	448950	14989
1934-4	250845.0	234343.0	441753	14889
1934-5	255514.0	238255.0	462035	14927
1934-6	259928.0	241826.0	475262	14912
1934-7	203554.0	189918.0	364260	11798
1934-8	234620.0	218980.0	421210	13213
1934-9	244281.0	227314.0	442640	14354
1934-10	255938.0	238535.0	462745	15146
1934-11	264158.0	246531.0	471626	15307
1934-12	270207.0	252135.0	483440	15330
1935-1	262123.0	244666.0	464661	14645
1935-2	263595.0	245783.0	470609	15281
1935-3	286781.0	267199.0	515051	17168
1935-4	229446.0	214107.0	409929	13525
1935-5	266833.0	248762.0	479597	15345
1935-6	249572.0	232412.0	455226	14452
1935-7	213723.0	199005.0	386933	11994
1935-8	239006.0	222586.0	436482	13703
1935-9	255159.0	236893.0	471982	14661
1935-10	259237.0	240880.0	469601	15130
1935-11	268292.0	249529.0	487465	15598
1935-12	258621.0	240599.0	469874	15394
1936-1	248191.0	230965.0	452254	15040
1936-2	249704.0	232741.0	449293	14621
1936-3	270383.0	251039.0	499174	16160
1936-4	226839.0	211245.0	411018	13403
1936-5	273983.0	254910.0	494550	16131
1936-6	258417.0	240786.0	466757	15118
1936-7	244572.0	227498.0	446145	13970
1936-8	231230.0	215254.0	415537	12870
1936-9	258321.0	240268.0	464881	15236
1936-10	277964.0	258543.0	498008	16602
1936-11	277721.0	258410.0	497043	16728
1936-12	273292.0	254582.0	490937	16910
1937-1	267776.0	249678.0	472874	15751
1937-2	251279.0	234053.0	444608	15301
1937-3	279722.0	259910.0	500931	17538
1937-4	258874.0	241428.0	455980	15988
1937-5	254621.0	237139.0	453624	15895
1937-6	271607.0	252332.0	488624	17228
1937-7	240315.0	223622.0	434241	14721
1937-8	242343.0	224971.0	441184	14804
1937-9	264118.0	245107.0	480344	16758
1937-10	272141.0	252863.0	486215	17461
1937-11	264798.0	246606.0	470509	16352
1937-12	262036.0	243573.0	471883	16728
1938-1	238066.0	221687.0	424563	14466
1938-2	237597.0	221301.0	426373	14386
1938-3	277120.0	258214.0	495316	16964
1938-4	240303.0	223703.0	422585	15408
1938-5	265329.0	246987.0	478717	16257
1938-6	257967.0	239985.0	466492	16314
1938-7	238435.0	221709.0	431250	14893
1938-8	223282.0	208043.0	398423	13358
1938-9	244998.0	227967.0	440424	15250
1938-10	259847.0	242250.0	460798	16032
1938-11	252096.0	234675.0	446927	15565
1938-12	241009.0	224303.0	432565	15338
1939-1	218609.0	203547.0	390120	13597
1939-2	221506.0	206301.0	399512	13532
1939-3	253441.0	236243.0	455539	15229
1939-4	222356.0	207204.0	398368	13324
1939-5	233018.0	217118.0	422459	13975
1939-6	224244.0	208475.0	412435	13340
1939-7	228139.0	212766.0	407026	13817
1939-8	215189.0	200544.0	388857	12198
1939-9	168398.0	156631.0	301940	9303
1939-10	194498.0	181121.0	343953	10953
1939-11	191504.0	178308.0	337164	11218
1939-12	184317.0	171597.0	328704	11391
1940-1	180569.0	167912.0	319763	11138
1940-2	195711.0	182008.0	351046	11726
1940-3	194263.0	180687.0	348797	11872
1940-4	178722.0	166053.0	317133	11426
1940-5	182160.0	168993.0	325867	11522
1940-6	186668.0	173516.0	334351	10701
1940-7	177037.0	164585.0	319784	9980
1940-8	177195.0	164943.0	317284	9460
1940-9	171061.0	158900.0	310632	9454
1940-10	185463.0	172594.0	332888	10403
1940-11	184549.0	171966.0	328002	10532
1940-12	172903.0	160912.0	310065	10187
1941-1	184623.0	171415.0	330986	11253
1941-2	174184.0	161882.0	312261	10594
1941-3	192123.0	178797.0	342216	11714
1941-4	188115.0	174764.0	337192	11557
1941-5	183475.0	170601.0	330634	11173
1941-6	182501.0	169790.0	328626	10438
1941-7	195707.0	181988.0	351097	11749
1941-8	190753.0	177172.0	341214	11515
1941-9	184419.0	171292.0	332299	11062
1941-10	225188.0	209128.0	409996	13296
1941-11	215756.0	200219.0	397969	12621
1941-12	213481.0	198542.0	385487	13086
1942-1	215910.0	200883.0	383618	12942
1942-2	197787.0	183418.0	357111	12461
1942-3	234669.0	217356.0	429964	15121
1942-4	237517.0	219899.0	434512	14745
1942-5	217467.0	201869.0	391472	13305
1942-6	218526.0	202939.0	396713	13782
1942-7	229532.0	212728.0	421017	13898
1942-8	212572.0	196864.0	395643	13181
1942-9	212332.0	196714.0	392189	12839
1942-10	230675.0	214135.0	422324	13781
1942-11	221768.0	206218.0	402389	13465
1942-12	228414.0	212397.0	410093	14122
1943-1	187858.0	174578.0	337108	10809
1943-2	209221.0	194129.0	380588	13115
1943-3	219115.0	203638.0	391237	13489
1943-4	200736.0	186619.0	358219	12086
1943-5	220497.0	205087.0	391174	13049
1943-6	214519.0	200154.0	375901	12994
1943-7	225495.0	209394.0	403688	14214
1943-8	200329.0	186402.0	358109	12161
1943-9	213359.0	197966.0	388100	12166
1943-10	226133.0	210165.0	406335	13188
1943-11	225562.0	209943.0	400808	13606
1943-12	204759.0	190514.0	364880	12520
1944-1	217785.0	202221.0	393009	13684
1944-2	207648.0	193335.0	366188	12822
1944-3	243960.0	226722.0	439363	15214
1944-4	206760.0	192271.0	366730	12714
1944-5	218306.0	202970.0	387652	14386
1944-6	229627.0	213296.0	414335	14961
1944-7	200498.0	185711.0	364690	13397
1944-8	201308.0	186487.0	363693	12769
1944-9	223454.0	207477.0	403320	14397
1944-10	214068.0	198694.0	390306	12758
1944-11	241179.0	224347.0	438445	14892
1944-12	221819.0	205865.0	400685	14582
1945-1	204114.0	189539.0	369808	12940
1945-2	213157.0	198013.0	385942	13097
1945-3	227672.0	212084.0	409838	13888
1945-4	207622.0	193301.0	374656	13073
1945-5	221134.0	206019.0	392623	13755
1945-6	205503.0	191371.0	366426	13467
1945-7	209372.0	194684.0	374764	13019
1945-8	196360.0	182786.0	351866	12207
1945-9	193652.0	180556.0	342464	11996
1945-10	242689.0	226350.0	430304	15024
1945-11	226904.0	211125.0	403557	15036
1945-12	227245.0	211339.0	405447	15023
1946-1	213815.0	198796.0	380980	14109
1946-2	212964.0	198082.0	379537	13627
1946-3	237819.0	221392.0	418427	15748
1946-4	206252.0	191890.0	372086	13138
1946-5	228439.0	212531.0	413286	14189
1946-6	206608.0	191971.0	377199	13147
1946-7	225057.0	209105.0	409844	14565
1946-8	208484.0	193376.0	379421	13398
1946-9	209370.0	194523.0	377930	13389
1946-10	238974.0	221952.0	427923	15239
1946-11	248991.0	231436.0	443250	16162
1946-12	213143.0	197587.0	380584	15090
1947-1	219784.0	203671.0	396376	14952
1947-2	207524.0	192826.0	369061	13531
1947-3	222846.0	206565.0	401125	14711
1947-4	221160.0	205064.0	397525	14746
1947-5	220613.0	205146.0	394757	14405
1947-6	219964.0	203851.0	395926	14511
1947-7	206065.0	191345.0	367414	13805
1947-8	191514.0	177368.0	339671	12833
1947-9	205076.0	190377.0	366914	13345
1947-10	226803.0	210189.0	411995	14853
1947-11	200656.0	186194.0	363208	13480
1947-12	205522.0	190855.0	371812	13863
1948-1	239910.0	222300.0	434416	16352
1948-2	228561.0	212156.0	406798	15951
1948-3	192648.0	178841.0	345073	13084
1948-4	243475.0	225565.0	441658	16429
1948-5	213859.0	198494.0	390157	13893
1948-6	237439.0	220380.0	432164	16201
1948-7	202910.0	188120.0	372813	13789
1948-8	204730.0	190031.0	369853	13545
1948-9	233167.0	216274.0	426231	15250
1948-10	203535.0	189056.0	373154	13287
1948-11	243462.0	226170.0	446288	15689
1948-12	244592.0	227268.0	442876	15933
1949-1	226108.0	210339.0	407156	14617
1949-2	214033.0	198605.0	392284	13923
1949-3	235990.0	218784.0	431887	15445
1949-4	207353.0	193054.0	370345	13325
1949-5	230184.0	214014.0	412711	15062
1949-6	211493.0	196282.0	385289	14277
1949-7	211511.0	195849.0	391171	13647
1949-8	198664.0	184636.0	362955	12227
1949-9	212978.0	197319.0	392904	13668
1949-10	223955.0	208042.0	408711	14281
1949-11	239067.0	222141.0	442349	14924
1949-12	250303.0	232531.0	461212	15849
1950-1	228930.0	212612.0	425076	14878
1950-2	206913.0	192152.0	380524	13532
1950-3	249401.0	231865.0	457165	16274
1950-4	213368.0	198509.0	383764	13927
1950-5	230264.0	214096.0	419368	14968
1950-6	226360.0	210101.0	419964	15114
1950-7	212341.0	197220.0	392559	13670
1950-9	223083.0	207318.0	409550	14033
1950-10	244283.0	226999.0	447661	15271
1950-11	240060.0	223152.0	436916	14754
1950-12	274404.0	254327.0	503935	17608
1951-1	250269.0	232233.0	459208	15605
1951-2	225906.0	209757.0	414780	14644
1951-3	258676.0	240632.0	468561	16272
1951-4	242211.0	224942.0	443847	15363
1951-5	246268.0	228861.0	452861	15265
1951-6	250590.0	233399.0	455733	15215
1951-7	240075.0	223342.0	440946	14807
1951-8	252276.0	235449.0	456466	14796
1951-9	246214.0	228694.0	452066	15023
1951-10	255839.0	238393.0	464526	15865
1951-11	268932.0	250337.0	494080	16739
1951-12	254847.0	237479.0	462020	15459
1952-1	262763.0	245100.0	474401	16319
1952-2	280659.0	261617.0	504905	16957
1952-3	276637.0	257552.0	499463	17097
1952-4	228192.0	213284.0	403153	14202
1952-5	266578.0	248945.0	479405	16572
1952-6	255923.0	239490.0	451698	15544
1952-7	269568.0	252071.0	482831	16335
1952-8	253466.0	236777.0	450883	15378
1952-9	264057.0	246700.0	470628	15339
1952-10	289442.0	270637.0	519182	17577
1952-11	277418.0	259278.0	494701	16577
1952-12	276573.0	258337.0	495220	16657
1953-1	264870.0	247830.0	471613	15763
1953-2	271359.0	253880.0	483404	16201
1953-3	284508.0	265736.0	507262	17328
1953-4	258825.0	241752.0	458902	16176
1953-5	261235.0	244115.0	465052	16008
1953-6	275821.0	257566.0	493982	17354
1953-7	268405.0	251059.0	485671	16541
1953-8	249688.0	233720.0	446349	15269
1953-9	253297.0	236416.0	456458	15590
1953-10	294592.0	274937.0	525523	18238
1953-11	267814.0	250425.0	475983	16338
1953-12	302771.0	283308.0	535579	18431
1954-1	269497.0	251541.0	483185	16772
1954-2	266409.0	248611.0	473713	16760
1954-3	299243.0	279710.0	525244	18548
1954-4	256096.0	238919.0	454644	16589
1954-5	290434.0	271363.0	516029	18770
1954-6	277927.0	259643.0	493226	17880
1954-7	260101.0	242853.0	464242	17096
1954-8	258544.0	241242.0	460607	16043
1954-9	264885.0	247623.0	467881	16528
1954-10	273730.0	255410.0	484541	16904
1954-11	283403.0	264309.0	505354	17840
1954-12	282534.0	263842.0	500617	17787
1955-1	240961.0	225624.0	420596	14849
1955-2	251006.0	234589.0	440027	15599
1955-3	290458.0	271391.0	507118	18950
1955-4	250729.0	233939.0	442067	16053
1955-5	256129.0	239038.0	448180	16494
1955-6	285519.0	266414.0	502370	18705
1955-7	275353.0	257055.0	482172	17911
1955-8	265602.0	247879.0	468149	16319
1955-9	258945.0	242089.0	451781	15706
1955-10	285003.0	266688.0	496388	18385
1955-11	297261.0	278225.0	521167	17834
1955-12	289394.0	270532.0	506303	18211
1956-1	257485.0	240370.0	452453	15844
1956-2	266395.0	248721.0	467525	16094
1956-3	294076.0	274690.0	518134	18609
1956-4	271424.0	253707.0	476561	16957
1956-5	281857.0	263543.0	493310	17690
1956-6	295413.0	276009.0	519703	18643
1956-7	261872.0	244364.0	459468	17034
1956-8	261738.0	244597.0	461100	16078
1956-9	269724.0	252186.0	472853	16536
1956-10	304446.0	284607.0	532515	18690
1956-11	302447.0	282990.0	526735	17969
1956-12	282529.0	264595.0	492682	16743
1957-1	275255.0	257704.0	481176	16485
1957-2	278470.0	260357.0	488795	16950
1957-3	320312.0	298951.0	563992	20289
1957-4	284674.0	265414.0	506557	17930
1957-5	310612.0	290155.0	545612	19510
1957-6	275173.0	257020.0	484834	17087
1957-7	280243.0	261941.0	494308	17001
1957-8	275562.0	257381.0	489349	16988
1957-9	256051.0	239573.0	449467	15410
1957-10	313676.0	293050.0	554760	18607
1957-11	303264.0	283533.0	533231	18549
1957-12	284832.0	266564.0	497957	17070
1958-1	288791.0	270302.0	502707	17667
1958-2	278895.0	260911.0	488141	17026
1958-3	307043.0	287064.0	537681	18810
1958-4	266635.0	249446.0	465454	15919
1958-5	294340.0	275126.0	518279	17893
1958-6	282544.0	264193.0	496287	17380
1958-7	272177.0	254253.0	481824	16436
1958-8	254338.0	237602.0	446656	15925
1958-9	260944.0	243947.0	461249	15683
1958-10	294874.0	275934.0	514990	18146
1958-11	294675.0	275536.0	520131	18024
1958-12	282852.0	264888.0	491329	16869
1959-1	281981.0	263710.0	493614	17040
1959-2	274046.0	256111.0	479739	16927
1959-3	273523.0	255271.0	483163	17084
1959-4	294140.0	274970.0	515893	18342
1959-5	284997.0	266416.0	499877	18119
1959-6	310331.0	289950.0	548491	19946
1959-7	285836.0	267351.0	502759	17768
1959-8	264675.0	247425.0	468668	16511
1959-9	254187.0	237798.0	443672	15840
1959-10	306793.0	286927.0	539734	18811
1959-11	301015.0	281417.0	529714	18009
1959-12	298023.0	278454.0	526071	17433
1960-1	339790.0	312823.0	673359	22839
1960-2	348815.0	321875.0	673980	24103
1960-3	387788.0	357305.0	755544	26410
1960-4	353745.0	325813.0	695526	24121
1960-5	360946.0	332641.0	703910	25259
1960-6	346459.0	318788.0	680043	24578
1960-7	354972.0	326875.0	700567	25120
1960-8	332286.0	306436.0	650174	22741
1960-9	338444.0	312472.0	661739	22720
1960-10	364775.0	336727.0	701077	25087
1960-11	399092.0	368494.0	762549	28024
1960-12	374807.0	344938.0	724851	27958
1961-1	343114.0	316719.0	668169	24564
1961-2	346071.0	319536.0	668508	25073
1961-3	381300.0	351429.0	733740	28505
1961-4	376118.0	345558.0	728708	28412
1961-5	382349.0	352383.0	743233	28647
1961-6	385373.0	354463.0	753023	29857
1961-7	362066.0	333787.0	708313	25442
1961-8	365052.0	336944.0	715058	25568
1961-9	373739.0	345328.0	723799	26221
1961-10	413082.0	380956.0	800601	29879
1961-11	425386.0	391919.0	825877	31674
1961-12	388267.0	357868.0	756536	27586
1962-1	398635.0	367561.0	782125	28286
1962-2	393640.0	362136.0	777597	27405
1962-3	422246.0	388563.0	846437	30097
1962-4	367391.0	338075.0	738191	25522
1962-5	414367.0	382326.0	816751	29281
1962-6	406479.0	375157.0	807422	28345
1962-7	364834.0	337460.0	707432	25227
1962-8	371344.0	342246.0	739853	25654
1962-9	350690.0	323091.0	698501	24404
1962-10	413278.0	380418.0	820940	29780
1962-11	409519.0	377844.0	806375	27835
1962-12	399798.0	368656.0	787390	27834
1963-1	375240.0	344874.0	757809	25645
1963-2	385272.0	354502.0	774381	26892
1963-3	422069.0	387768.0	850996	30725
1963-4	368399.0	339084.0	727786	25964
1963-5	390562.0	360227.0	763821	27536
1963-6	384226.0	353560.0	770719	27454
1963-7	377281.0	347186.0	751542	27328
1963-8	351636.0	323671.0	702991	25664
1963-9	354903.0	327103.0	698486	24011
1963-10	419759.0	386550.0	829225	29621
1963-11	408768.0	376051.0	819878	29540
1963-12	423203.0	390597.0	828302	29229
1964-1	397780.0	366128.0	790136	27701
1964-2	406905.0	374419.0	812400	29029
1964-3	397630.0	364906.0	798340	28534
1964-4	416383.0	382479.0	837503	29764
1964-5	397272.0	365333.0	796753	28423
1964-6	403513.0	370511.0	819355	28872
1964-7	387877.0	356968.0	773620	26593
1964-8	361402.0	332271.0	733966	25396
1964-9	367142.0	337308.0	741289	25975
1964-10	424120.0	390135.0	834859	30475
1964-11	381506.0	351406.0	746283	27640
1964-12	404420.0	371930.0	796025	28093
1965-1	381269.0	346993.0	730031	37779
1965-2	388611.0	355373.0	745149	37260
1965-3	420422.0	383414.0	801808	40797
1965-4	382214.0	349786.0	738319	34307
1965-5	464427.0	424050.0	915180	41165
1965-6	420446.0	384630.0	825377	36532
1965-7	409213.0	373830.0	788445	38531
1965-8	330855.0	302357.0	639360	30709
1965-9	367056.0	334525.0	705364	36027
1965-10	367467.0	334181.0	696374	38420
1965-11	364524.0	331324.0	702078	36894
1965-12	407721.0	372184.0	806784	36253
1966-1	385691.0	354535.0	778475	26335
1966-2	381003.0	350860.0	757489	26332
1966-3	462986.0	426018.0	928776	31584
1966-4	420889.0	387487.0	840103	28589
1966-5	388473.0	357258.0	778523	27188
1966-6	425477.0	390610.0	866506	30074
1966-7	412644.0	379831.0	822727	29108
1966-8	361574.0	333619.0	710012	24290
1966-9	408119.0	374788.0	824596	27806
1966-10	442570.0	407062.0	884227	30737
1966-11	444473.0	408421.0	895316	30749
1966-12	470499.0	434489.0	912574	31732
1967-1	405251.0	374388.0	790197	27572
1967-2	387499.0	357228.0	767400	27469
1967-3	412414.0	378720.0	833429	29557
1967-4	418455.0	384296.0	841819	28884
1967-5	394795.0	363292.0	789491	27956
1967-6	421053.0	387652.0	841795	29586
1967-7	392143.0	361777.0	775750	26952
1967-8	364618.0	336213.0	718399	23704
1967-9	396471.0	365771.0	782450	25885
1967-10	443261.0	407637.0	885652	29284
1967-11	416704.0	383449.0	830763	28619
1967-12	402331.0	370699.0	801852	27767
1968-1	388788.0	357690.0	772509	26683
1968-2	397767.0	367324.0	772992	27608
1968-3	443876.0	407387.0	897609	31592
1968-4	388416.0	357716.0	772970	27783
1968-5	433266.0	398858.0	851678	29700
1968-6	401697.0	368762.0	816080	27600
1968-7	383808.0	351016.0	738828	35203
1968-8	393356.0	359915.0	773387	34623
1968-9	371248.0	339312.0	718877	33568
1968-10	405963.0	369066.0	776169	41122
1968-11	371935.0	338981.0	695193	38904
1968-12	407811.0	372656.0	790506	36838
1969-1	436769.0	401098.0	881651	30732
1969-2	408523.0	375748.0	816019	28992
1969-3	440648.0	404454.0	858867	36485
1969-4	427176.0	390549.0	853363	35119
1969-5	416092.0	380667.0	821274	36453
1969-6	445493.0	407448.0	887700	37714
1969-7	365739.0	335259.0	699225	32363
1969-8	381568.0	350130.0	734758	33079
1969-9	375853.0	344891.0	737175	30885
1969-10	449364.0	410593.0	871907	41162
1969-11	398839.0	365406.0	759567	37520
1969-12	399246.0	364948.0	770322	36846
1970-1	371714.0	343136.0	727357	25123
1970-2	371914.0	342571.0	737278	26357
1970-3	371502.0	342450.0	741792	26239
1970-4	386265.0	356955.0	754455	27253
1970-5	320687.0	296638.0	622382	23033
1970-6	342789.0	316369.0	679089	23758
1970-7	366018.0	337152.0	727322	25302
1970-8	354388.0	326995.0	701991	25028
1970-9	316872.0	292103.0	633542	22112
1970-10	385971.0	356050.0	759977	27095
1970-11	366710.0	337503.0	731287	25519
1970-12	318334.0	290186.0	604042	31907
1971-1	327480.0	300318.0	620450	29931
1971-2	342893.0	316774.0	671445	23820
1971-3	389499.0	359234.0	768123	27294
1971-4	357694.0	328588.0	727393	25495
1971-5	396835.0	362927.0	780620	35178
1971-6	368474.0	338433.0	719921	31286
1971-7	349127.0	321163.0	664896	28493
1971-8	336621.0	308975.0	663508	27082
1971-9	334208.0	307636.0	666831	23542
1971-10	410483.0	376903.0	830438	29772
1971-11	386077.0	352579.0	731746	38420
1971-12	374457.0	342561.0	728638	33424
1972-1	287273.0	263503.0	539179	26949
1972-2	320812.0	293415.0	616484	29576
1972-3	345617.0	316152.0	670380	31119
1972-4	184745.0	168060.0	347693	20779
1972-5	267318.0	243739.0	506723	27488
1972-6	329719.0	301180.0	635475	31157
1972-7	297972.0	273481.0	573134	25692
1972-8	313292.0	288144.0	598232	26143
1972-9	329264.0	302435.0	631443	27850
1972-10	319847.0	294671.0	606358	27137
1972-11	355140.0	327320.0	697345	24312
1972-12	349079.0	321959.0	687937	23925
1973-1	257692.0	235222.0	497676	24687
1973-2	254631.0	232223.0	485925	25081
1973-3	256374.0	233812.0	482222	25867
1973-4	301976.0	276285.0	577302	28054
1973-5	377062.0	345633.0	727603	33570
1973-6	378792.0	349354.0	752389	26663
1973-7	357115.0	329782.0	703261	24801
1973-8	356860.0	329908.0	703690	24606
1973-9	349301.0	321376.0	699582	24254
1973-10	368953.0	339634.0	726398	26618
1973-11	368868.0	339086.0	734822	26777
1973-12	346032.0	319188.0	685857	24808
1974-1	294261.0	266632.0	585319	30172
1974-2	245215.0	223692.0	462771	25667
1974-3	294554.0	268238.0	559589	30902
1974-4	241040.0	220010.0	456348	25134
1974-5	344073.0	314865.0	650998	33282
1974-6	359216.0	328694.0	695505	32693
1974-7	283336.0	258235.0	541471	28037
1974-8	346636.0	319482.0	685256	25336
1974-9	318457.0	293628.0	623105	22265
1974-10	375847.0	346122.0	743325	26279
1974-11	367976.0	339257.0	724095	25645
1974-12	325258.0	300206.0	639737	22592
1975-1	342651.0	315912.0	677953	24681
1975-2	335977.0	309586.0	667632	23084
1975-3	367800.0	339278.0	728437	25387
1975-4	375742.0	346676.0	741461	26660
1975-5	370299.0	341500.0	726382	26743
1975-6	360117.0	331796.0	707843	24830
1975-7	364503.0	336466.0	715045	25804
1975-8	342061.0	315189.0	673764	24307
1975-9	329533.0	303849.0	651076	22866
1975-10	381526.0	351909.0	746248	27183
1975-11	356973.0	329439.0	698654	25158
1975-12	341141.0	315135.0	660225	23819
1976-1	210452.0	192029.0	387507	22648
1976-2	187789.0	171623.0	344507	20156
1976-3	255946.0	234029.0	470722	26310
1976-4	352429.0	323368.0	670290	31846
1976-5	381039.0	350269.0	732824	33234
1976-6	372849.0	341638.0	723189	32399
1976-7	364653.0	333950.0	703154	33589
1976-8	339194.0	310527.0	647605	32877
1976-9	341608.0	312229.0	649672	33378
1976-10	407293.0	373148.0	794156	35290
1976-11	381832.0	350736.0	720550	34349
1976-12	372384.0	342276.0	696430	33382
1977-1	340332.0	313558.0	669652	24192
1977-2	343672.0	316669.0	670570	25167
1977-3	383109.0	353263.0	751833	27797
1977-4	282990.0	260877.0	551357	21241
1977-5	329886.0	304033.0	649598	24581
1977-6	345451.0	318792.0	680266	24136
1977-7	340499.0	314642.0	666089	23622
1977-8	355872.0	328618.0	698581	23689
1977-9	352844.0	326278.0	683362	23190
1977-10	388897.0	358353.0	769284	27332
1977-11	384236.0	354106.0	755947	27112
1977-12	407884.0	376582.0	783346	30299
1978-1	380099.0	351312.0	736475	26081
1978-2	394330.0	363818.0	771385	26761
1978-3	400407.0	369752.0	783221	27057
1978-4	416972.0	385643.0	812689	28386
1978-5	399962.0	369851.0	781547	28029
1978-6	427477.0	394629.0	850926	29230
1978-7	386722.0	356900.0	768218	26628
1978-8	400922.0	370307.0	793611	27148
1978-9	412957.0	380730.0	823473	27486
1978-10	402884.0	372155.0	784866	27257
1978-11	410015.0	378344.0	805722	30195
1978-12	364528.0	337021.0	707629	25456
1979-1	350282.0	323727.0	688780	24177
1979-2	360123.0	332483.0	705842	24849
1979-3	419522.0	387393.0	824069	28323
1979-4	342396.0	316431.0	673764	23155
1979-5	396851.0	365823.0	796959	27454
1979-6	394516.0	364474.0	774096	26537
1979-7	315998.0	292914.0	610768	21297
1979-8	322391.0	298386.0	623033	21270
1979-9	350133.0	322466.0	692310	24367
1979-10	385007.0	354733.0	767500	27999
1979-11	368544.0	340514.0	722509	25340
1979-12	320444.0	296192.0	623094	21840
1980-1	322154.0	296475.0	617197	28111
1980-2	370846.0	341924.0	701279	31307
1980-3	397653.0	367266.0	744461	33277
1980-4	326383.0	301508.0	611453	26122
1980-5	366358.0	337875.0	691319	30979
1980-6	343907.0	316642.0	641355	30301
1980-7	331880.0	306692.0	621956	26472
1980-8	309028.0	285385.0	583843	24684
1980-9	355872.0	328994.0	672048	27480
1980-10	372767.0	343081.0	693738	33879
1980-11	356872.0	328162.0	661082	34084
1980-12	339813.0	312636.0	637318	30263
1981-1	366443.0	339123.0	711508	26018
1981-2	342167.0	316690.0	657021	23842
1981-3	396100.0	366921.0	761041	27917
1981-4	341017.0	315624.0	658194	24097
1981-5	369016.0	341476.0	714615	25097
1981-6	393286.0	363216.0	768343	26806
1981-7	363107.0	336572.0	700201	24582
1981-8	330243.0	305853.0	635898	22617
1981-9	376860.0	349333.0	715568	25825
1981-10	434771.0	402610.0	837493	29747
1981-11	402717.0	372678.0	772747	28743
1981-12	382015.0	354312.0	730530	26125
1982-1	363919.0	336576.0	705259	25240
1982-2	380076.0	351574.0	738401	26128
1982-3	436281.0	404127.0	840986	30468
1982-4	375122.0	346842.0	732115	26020
1982-5	395148.0	365740.0	765128	26924
1982-6	438704.0	405978.0	849923	29613
1982-7	397558.0	367434.0	773472	27151
1982-8	383269.0	353432.0	754766	26626
1982-9	420224.0	388772.0	804274	29634
1982-10	442110.0	409458.0	845307	30200
1982-11	414616.0	383618.0	797252	29703
1982-12	397858.0	368391.0	762782	27618
1983-1	259012.0	237622.0	471705	26593
1983-2	232422.0	213370.0	413833	24302
1983-3	361491.0	333051.0	680753	31076
1983-4	359655.0	331407.0	679946	30891
1983-5	377157.0	347526.0	708350	32041
1983-6	432730.0	399215.0	823169	35650
1983-7	360708.0	332865.0	681481	30780
1983-8	391437.0	360346.0	756135	32851
1983-9	412818.0	380401.0	778239	36147
1983-10	398150.0	367131.0	743490	34818
1983-11	434475.0	400255.0	815153	37532
1983-12	423178.0	391088.0	794716	33551
1984-1	386687.0	357182.0	758193	27007
1984-2	428331.0	396416.0	833998	29465
1984-3	456090.0	421624.0	882183	33415
1984-4	366056.0	338564.0	716735	26026
1984-5	447428.0	413545.0	879198	33116
1984-6	452968.0	419382.0	879570	31801
1984-7	376442.0	348846.0	727046	26888
1984-8	386865.0	358321.0	754286	27445
1984-9	395822.0	367021.0	761415	27841
1984-10	444776.0	411472.0	862216	31852
1984-11	460416.0	426857.0	887236	32500
1984-12	398754.0	369185.0	778229	27978
1985-1	396768.0	367437.0	775079	28881
1985-2	412854.0	381951.0	804585	29431
1985-3	425031.0	393615.0	822508	30379
1985-4	414533.0	383567.0	807610	29723
1985-5	423317.0	391939.0	828037	30559
1985-6	464925.0	430285.0	911347	33503
1985-7	434276.0	402947.0	835394	30525
1985-8	429815.0	397983.0	832872	29563
1985-9	415055.0	384157.0	808003	29582
1985-10	476481.0	441093.0	922798	34308
1985-11	458365.0	424191.0	891860	33759
1985-12	398278.0	369243.0	765225	28829
1986-1	336762.0	310174.0	627480	31138
1986-2	409454.0	377387.0	775137	36794
1986-3	335935.0	308846.0	619592	33254
1986-4	354887.0	326262.0	648189	34787
1986-5	354989.0	325819.0	651907	36077
1986-6	461497.0	424795.0	855514	43026
1986-7	410078.0	376987.0	757122	39368
1986-8	370807.0	341064.0	672995	35515
1986-9	325332.0	298241.0	584610	34656
1986-10	433556.0	397644.0	800289	43313
1986-11	416092.0	383142.0	756431	40749
1986-12	346146.0	318198.0	627756	35183
1987-1	466223.0	431600.0	902623	33089
1987-2	481921.0	445367.0	943526	34316
1987-3	528400.0	488838.0	1027807	37553
1987-4	451221.0	417151.0	881618	32888
1987-5	532296.0	492212.0	1036435	38853
1987-6	493459.0	456610.0	971660	35437
1987-7	479105.0	443007.0	937567	33611
1987-8	465336.0	430483.0	903050	32484
1987-9	491326.0	454079.0	966397	35236
1987-10	524336.0	484720.0	1021861	38259
1987-11	491213.0	453732.0	961433	36075
1987-12	468872.0	433719.0	909967	34119
1988-1	369708.0	339935.0	693971	35028
1988-2	441159.0	406013.0	823729	41597
1988-3	501980.0	462498.0	943017	44725
1988-4	419271.0	385151.0	785078	40184
1988-5	524046.0	483738.0	1000603	43117
1988-6	494085.0	456196.0	944660	40599
1988-7	479940.0	444388.0	912704	36701
1988-8	451505.0	416505.0	846160	38237
1988-9	496441.0	458007.0	941046	41536
1988-10	498598.0	459667.0	932735	43676
1988-11	447395.0	411740.0	827597	42781
1988-12	345313.0	316973.0	616168	37337
1989-1	503287.0	465393.0	983273	37060
1989-2	493331.0	455916.0	973455	35968
1989-3	505186.0	467326.0	985930	35998
1989-4	536196.0	496212.0	1056437	38431
1989-5	516660.0	478155.0	998907	37629
1989-6	553743.0	512979.0	1077547	41089
1989-7	500597.0	464385.0	961155	35667
1989-8	515234.0	477641.0	999370	36112
1989-9	505491.0	468004.0	985945	36519
1989-10	503912.0	465964.0	975143	37115
1989-11	539858.0	499638.0	1054052	37130
1989-12	482615.0	447008.0	939580	33553
1990-1	397560.0	365266.0	728783	39561
1990-2	470745.0	432280.0	885036	43960
1990-3	557478.0	513316.0	1052778	48693
1990-4	501021.0	463205.0	945804	40203
1990-5	508305.0	469738.0	972023	40651
1990-6	557385.0	515045.0	1058908	45255
1990-7	523724.0	485159.0	1000678	40171
1990-8	488643.0	449871.0	916885	42626
1990-9	521608.0	481209.0	1002056	43102
1990-10	526992.0	485110.0	1015477	44944
1990-11	545186.0	502952.0	1034079	45165
1990-12	510013.0	470822.0	990272	40005
1991-1	517164.0	477761.0	1028722	36386
1991-2	549926.0	508500.0	1090748	38770
1991-3	600086.0	554925.0	1191309	43234
1991-4	539492.0	498890.0	1066818	38481
1991-5	577181.0	534699.0	1134500	40198
1991-6	625747.0	578272.0	1231099	44664
1991-7	576217.0	532903.0	1130266	41259
1991-8	551007.0	509384.0	1086153	40545
1991-9	601918.0	556418.0	1185941	43043
1991-10	694889.0	641658.0	1372313	48434
1991-11	683597.0	631180.0	1349940	49063
1991-12	605394.0	559535.0	1194377	42906
1992-1	600215.0	553719.0	1191391	43196
1992-2	690667.0	636954.0	1384159	48660
1992-3	685076.0	632086.0	1366042	48740
1992-4	639111.0	589328.0	1279703	45209
1992-5	664361.0	613653.0	1321976	46555
1992-6	641195.0	593063.0	1261720	44038
1992-7	530032.0	490070.0	1039934	36927
1992-8	484379.0	448142.0	944623	33303
1992-9	562169.0	519296.0	1112162	38242
1992-10	579634.0	535858.0	1135732	41068
1992-11	529705.0	490092.0	1031309	36536
1992-12	523838.0	484921.0	1016640	35788
1993-1	475572.0	439753.0	931621	33926
1993-2	486637.0	449512.0	956311	33570
1993-3	554630.0	512408.0	1091464	39387
1993-4	467112.0	431701.0	926175	32880
1993-5	525701.0	485628.0	1038169	36480
1993-6	546216.0	503560.0	1096429	37889
1993-7	502392.0	463923.0	994736	33533
1993-8	433944.0	401274.0	852496	29432
1993-9	547260.0	504579.0	1096034	37667
1993-10	551229.0	508845.0	1101565	38763
1993-11	563110.0	519623.0	1110330	39734
1993-12	529246.0	488163.0	1048665	35514
1994-1	480945.0	442699.0	940291	36923
1994-2	523652.0	484091.0	1033773	35890
1994-3	553936.0	512360.0	1092662	37100
1994-4	425950.0	393909.0	840673	28927
1994-5	484644.0	449041.0	944258	32711
1994-6	586594.0	542044.0	1158385	39721
1994-7	499284.0	461483.0	984973	34764
1994-8	448860.0	414660.0	885493	31532
1994-9	557626.0	514657.0	1106523	38698
1994-10	544703.0	503534.0	1069688	38249
1994-11	554076.0	511120.0	1102213	40554
1994-12	550999.0	509566.0	1088581	38515
1995-1	522078.0	483000.0	1024431	36684
1995-2	504652.0	465786.0	1006151	35253
1995-3	587739.0	542699.0	1166962	41498
1995-4	507058.0	468147.0	1001468	35312
1995-5	569616.0	525822.0	1127689	41288
1995-6	567444.0	523870.0	1125598	40199
1995-7	480032.0	444089.0	943899	33250
1995-8	468329.0	432768.0	922558	32573
1995-9	587922.0	542422.0	1169874	41631
1995-10	563671.0	520311.0	1108527	39856
1995-11	586544.0	541613.0	1155746	39990
1995-12	533930.0	493907.0	1042306	36663
1996-1	496466.0	459446.0	966279	34584
1996-2	574700.0	531318.0	1121417	39373
1996-3	574206.0	531225.0	1119978	39638
1996-4	520698.0	481209.0	1020211	36269
1996-5	516247.0	477920.0	1000246	35392
1996-6	520199.0	481824.0	1007709	35643
1996-7	512298.0	474147.0	997843	35219
1996-8	524689.0	485863.0	1012065	36683
1996-9	554068.0	511937.0	1088095	38613
1996-10	619541.0	572787.0	1206442	42288
1996-11	616452.0	569903.0	1208108	43286
1996-12	540326.0	499068.0	1037051	39695
1997-1	532685.0	492680.0	1028991	37392
1997-2	535110.0	494569.0	1026247	39050
1997-3	564324.0	521785.0	1071818	42291
1997-4	577334.0	533940.0	1102958	43466
1997-5	579168.0	534909.0	1101413	45108
1997-6	575438.0	531584.0	1092404	43188
1997-7	489503.0	452066.0	952973	34835
1997-8	445325.0	412359.0	865851	30052
1997-9	551047.0	509772.0	1073555	37347
1997-10	565133.0	522948.0	1098342	38094
1997-11	584422.0	540698.0	1133686	39873
1997-12	520201.0	481408.0	1008599	35539
1998-1	486405.0	450912.0	942128	32509
1998-2	517191.0	480081.0	998941	33903
